n_estimators,max_depth,max_features,min_samples_split,min_samples_leaf,mean_f1,std_f1,mean_accuracy,std_accuracy,time_s
50,,sqrt,2,1,0.75552234927837,0.010742051410546719,0.7678999999999999,0.010839280418920816,4.4373
50,,sqrt,2,2,0.7431667075265692,0.010971321636088714,0.7596,0.009264987857520383,4.0954
50,,sqrt,2,5,0.7105581305040651,0.011924942842949846,0.7329999999999999,0.011636150566231096,3.6878
50,,sqrt,2,10,0.6874477844367612,0.010197010349091012,0.7147,0.010431203190428236,3.5227
50,,sqrt,5,1,0.7497109008046101,0.01175907414124744,0.764,0.011349008767288896,4.061
50,,sqrt,5,2,0.7379803945997676,0.010197455370322319,0.7544,0.009779570542718129,3.8889
50,,sqrt,5,5,0.7105581305040651,0.011924942842949846,0.7329999999999999,0.011636150566231096,3.9194
50,,sqrt,5,10,0.6874477844367612,0.010197010349091012,0.7147,0.010431203190428236,3.3831
50,,sqrt,10,1,0.7373954645831325,0.007569956940757392,0.7543,0.00687095335452076,4.2086
50,,sqrt,10,2,0.7300012659407769,0.010486593047541392,0.7489,0.009689685237405814,4.0131
50,,sqrt,10,5,0.7105581305040651,0.011924942842949846,0.7329999999999999,0.011636150566231096,3.7062
50,,sqrt,10,10,0.6874477844367612,0.010197010349091012,0.7147,0.010431203190428236,3.3781
50,,sqrt,20,1,0.7182026001504308,0.009500467060603103,0.7388,0.009672641831475006,3.8337
50,,sqrt,20,2,0.7141660903289854,0.010689189572738603,0.7351,0.011022250223978779,3.9684
50,,sqrt,20,5,0.7018418011590752,0.012024596738022373,0.7255999999999999,0.011732007500849982,3.6286
50,,sqrt,20,10,0.6874477844367612,0.010197010349091012,0.7147,0.010431203190428236,3.5407
50,,log2,2,1,0.7497078251079918,0.013941629999576498,0.7632,0.014469277798148751,4.2411
50,,log2,2,2,0.7323304268182549,0.01159299155900292,0.7506,0.010707007051459348,3.7221
50,,log2,2,5,0.6998968029645073,0.00954329098970555,0.7247999999999999,0.009346657156438346,3.0684
50,,log2,2,10,0.6751121058881944,0.011309385152942332,0.7054,0.010355674772799703,2.8958
50,,log2,5,1,0.747439352975559,0.010427591650275672,0.7622,0.009957911427603692,3.7334
50,,log2,5,2,0.7311900609375853,0.01124338022200382,0.7505000000000001,0.011412712210513338,3.4415
50,,log2,5,5,0.6998968029645073,0.00954329098970555,0.7247999999999999,0.009346657156438346,3.7541
50,,log2,5,10,0.6751121058881944,0.011309385152942332,0.7054,0.010355674772799703,3.4202
50,,log2,10,1,0.7313417063839952,0.010242128607978938,0.75,0.009695359714832668,4.2923
50,,log2,10,2,0.7220803292698155,0.008501042452452087,0.7426999999999999,0.008295179322956203,4.3188
50,,log2,10,5,0.6998968029645073,0.00954329098970555,0.7247999999999999,0.009346657156438346,3.771
50,,log2,10,10,0.6751121058881944,0.011309385152942332,0.7054,0.010355674772799703,4.0177
50,,log2,20,1,0.7154265550911035,0.011604907663381073,0.7368,0.011426285485668571,4.0105
50,,log2,20,2,0.705475346453351,0.010252981886650624,0.7293000000000001,0.010421612159354242,3.9743
50,,log2,20,5,0.6900769005709596,0.010969767800276463,0.7175999999999999,0.010239140588936171,3.8884
50,,log2,20,10,0.6751121058881944,0.011309385152942332,0.7054,0.010355674772799703,3.5841
50,,0.5,2,1,0.7565880206243262,0.008266011996226147,0.7676000000000001,0.008487638069569186,9.6848
50,,0.5,2,2,0.7513247894396246,0.009190003749416883,0.7638,0.009431860898041284,9.4456
50,,0.5,2,5,0.7338951857826533,0.012073698434927073,0.7493,0.01082635672791176,8.7613
50,,0.5,2,10,0.7129319952012133,0.013184635752879578,0.7322,0.012789057822998546,8.5288
50,,0.5,5,1,0.7492128051795954,0.007631468981589666,0.7616,0.00800249960949703,10.5204
50,,0.5,5,2,0.7488661895083556,0.009184757204936571,0.762,0.0093166517590817,10.2808
50,,0.5,5,5,0.7338951857826533,0.012073698434927073,0.7493,0.01082635672791176,9.0317
50,,0.5,5,10,0.7129319952012133,0.013184635752879578,0.7322,0.012789057822998546,8.4166
50,,0.5,10,1,0.7473571503599101,0.007939722767441116,0.7607,0.008414867794564579,10.4447
50,,0.5,10,2,0.7402027380696816,0.011209956412641149,0.7542,0.010409610943738493,9.5585
50,,0.5,10,5,0.7338951857826533,0.012073698434927073,0.7493,0.01082635672791176,9.3066
50,,0.5,10,10,0.7129319952012133,0.013184635752879578,0.7322,0.012789057822998546,8.6231
50,,0.5,20,1,0.7323373307284966,0.009353136414014855,0.7479000000000001,0.009126335518706298,10.2041
50,,0.5,20,2,0.7281785865676177,0.012092241722288063,0.7443,0.011916794871105243,9.7971
50,,0.5,20,5,0.7188081673640563,0.011185372588402676,0.7365999999999999,0.01097451593465517,7.5946
50,,0.5,20,10,0.7129319952012133,0.013184635752879578,0.7322,0.012789057822998546,6.7101
50,,1.0,2,1,0.7513731102686501,0.007998530705633621,0.7618,0.008146164741766528,15.7708
50,,1.0,2,2,0.7505328824752607,0.010804904643479758,0.7625,0.010707474025184472,14.6916
50,,1.0,2,5,0.7333391623047167,0.011665645724566581,0.7481,0.01130000000000001,12.8685
50,,1.0,2,10,0.7108993679588735,0.011425168586823483,0.7287,0.01049809506529638,11.2295
50,,1.0,5,1,0.751084198891841,0.008450532421204995,0.7630999999999999,0.008904493247793506,15.4775
50,,1.0,5,2,0.7481966308448041,0.012198874670626116,0.7605000000000001,0.0118680242669115,14.4668
50,,1.0,5,5,0.7333391623047167,0.011665645724566581,0.7481,0.01130000000000001,12.7984
50,,1.0,5,10,0.7108993679588735,0.011425168586823483,0.7287,0.01049809506529638,11.2562
50,,1.0,10,1,0.7452499733491708,0.011756478509048844,0.7583,0.011410959644131611,15.3468
50,,1.0,10,2,0.7413570150490543,0.012877238983712586,0.7553,0.012410076550932321,14.5385
50,,1.0,10,5,0.7333391623047167,0.011665645724566581,0.7481,0.01130000000000001,13.0567
50,,1.0,10,10,0.7108993679588735,0.011425168586823483,0.7287,0.01049809506529638,11.5301
50,,1.0,20,1,0.7328350312856025,0.012475187849103227,0.7479,0.011810588469674163,13.9571
50,,1.0,20,2,0.7282517295618688,0.013400630572787373,0.7441000000000001,0.012739309243440175,13.7085
50,,1.0,20,5,0.7211659784073391,0.012214174072632498,0.7379,0.011640017182117914,12.3088
50,,1.0,20,10,0.7108993679588735,0.011425168586823483,0.7287,0.01049809506529638,11.0793
50,5,sqrt,2,1,0.6189823612847798,0.0120698449201188,0.6603,0.012442266674525197,2.2928
50,5,sqrt,2,2,0.61864068991736,0.012126876078153742,0.6596,0.012216382443260372,2.3615
50,5,sqrt,2,5,0.6189486271684439,0.013589278547521828,0.6601000000000001,0.01383799118369427,2.4325
50,5,sqrt,2,10,0.6170027058117549,0.012398766893082638,0.6583,0.012649505919204917,2.8885
50,5,sqrt,5,1,0.618475340794989,0.013096572848149263,0.6597000000000001,0.013386933928275,2.7732
50,5,sqrt,5,2,0.6181261377745214,0.012439999688675228,0.6592,0.012859237924542818,2.8775
50,5,sqrt,5,5,0.6189486271684439,0.013589278547521828,0.6601000000000001,0.01383799118369427,2.8922
50,5,sqrt,5,10,0.6170027058117549,0.012398766893082638,0.6583,0.012649505919204917,2.6112
50,5,sqrt,10,1,0.6183645680613828,0.012608869241606395,0.6597000000000001,0.0131228807812919,2.9977
50,5,sqrt,10,2,0.6180201204332119,0.012590204837919443,0.6592,0.013090454537562869,2.7454
50,5,sqrt,10,5,0.6189486271684439,0.013589278547521828,0.6601000000000001,0.01383799118369427,2.7812
50,5,sqrt,10,10,0.6170027058117549,0.012398766893082638,0.6583,0.012649505919204917,2.8273
50,5,sqrt,20,1,0.6180384775863806,0.013230090493040653,0.6595,0.013742270554751872,2.7177
50,5,sqrt,20,2,0.6179299650289176,0.01275071833475223,0.6594,0.013215142829345444,2.8605
50,5,sqrt,20,5,0.6168872934387651,0.012649469999238404,0.6583000000000001,0.013054118124178296,2.7995
50,5,sqrt,20,10,0.6170027058117549,0.012398766893082638,0.6583,0.012649505919204917,2.6892
50,5,log2,2,1,0.6115997779786474,0.009305951877653613,0.6543,0.008626123115281867,2.6645
50,5,log2,2,2,0.6144588714559351,0.009575421674336249,0.6572,0.009206519429187132,3.1262
50,5,log2,2,5,0.6138501198970368,0.011488770190180303,0.6565000000000001,0.010965856099730664,3.0504
50,5,log2,2,10,0.6146351416853137,0.009284614104485915,0.6569,0.009148223871331535,3.1031
50,5,log2,5,1,0.614309983406507,0.00957393212623025,0.6567999999999999,0.008942035562443272,2.6838
50,5,log2,5,2,0.6130812202409694,0.008824901203150333,0.6557000000000001,0.00824681756800768,3.0923
50,5,log2,5,5,0.6138501198970368,0.011488770190180303,0.6565000000000001,0.010965856099730664,2.8255
50,5,log2,5,10,0.6146351416853137,0.009284614104485915,0.6569,0.009148223871331535,3.0087
50,5,log2,10,1,0.6122041208797423,0.010495223508331038,0.6546000000000001,0.009901515035589259,3.3161
50,5,log2,10,2,0.6130469282148866,0.009438153870342232,0.6556,0.008742997197757766,3.357
50,5,log2,10,5,0.6138501198970368,0.011488770190180303,0.6565000000000001,0.010965856099730664,3.1975
50,5,log2,10,10,0.6146351416853137,0.009284614104485915,0.6569,0.009148223871331535,2.7666
50,5,log2,20,1,0.6155999542239736,0.008771192301717929,0.6577,0.008485870609430722,2.8941
50,5,log2,20,2,0.6144667296918093,0.007892062803424676,0.6566000000000001,0.00767072356430605,3.038
50,5,log2,20,5,0.613961785504833,0.009572054515977294,0.6561,0.00918095855561935,2.7105
50,5,log2,20,10,0.6146351416853137,0.009284614104485915,0.6569,0.009148223871331535,2.2398
50,5,0.5,2,1,0.6473424101320505,0.01314902387603023,0.6753,0.01287672318565556,3.575
50,5,0.5,2,2,0.6472174272931301,0.013734134579092,0.6751,0.013736447866897738,3.6923
50,5,0.5,2,5,0.6470190435555196,0.013212912430850274,0.6751000000000001,0.013209466302617963,3.7431
50,5,0.5,2,10,0.6447558838786545,0.014124465665847864,0.6729999999999999,0.014021412197064868,3.8458
50,5,0.5,5,1,0.6470099795833693,0.013367892687054305,0.6748,0.013052202879207764,3.7908
50,5,0.5,5,2,0.6474398832638362,0.013625561324706981,0.6753,0.013572398461583694,3.7214
50,5,0.5,5,5,0.6470190435555196,0.013212912430850274,0.6751000000000001,0.013209466302617963,3.6466
50,5,0.5,5,10,0.6447558838786545,0.014124465665847864,0.6729999999999999,0.014021412197064868,3.634
50,5,0.5,10,1,0.6468646665795694,0.014836058481860065,0.6747000000000001,0.01436697602141799,3.7155
50,5,0.5,10,2,0.6466268473707484,0.01432390826638223,0.6744000000000001,0.014115239990875092,3.6368
50,5,0.5,10,5,0.6470190435555196,0.013212912430850274,0.6751000000000001,0.013209466302617963,3.5642
50,5,0.5,10,10,0.6447558838786545,0.014124465665847864,0.6729999999999999,0.014021412197064868,3.9653
50,5,0.5,20,1,0.6461741632465627,0.014074490838304261,0.6740999999999999,0.01396030085635691,3.8372
50,5,0.5,20,2,0.6462119286127033,0.014647982204232442,0.674,0.014505171491574976,3.7382
50,5,0.5,20,5,0.646279122219805,0.01435996824178906,0.6742999999999999,0.014394790724425257,3.9031
50,5,0.5,20,10,0.6447558838786545,0.014124465665847864,0.6729999999999999,0.014021412197064868,3.7827
50,5,1.0,2,1,0.6576779584845076,0.01173048127032584,0.6826000000000001,0.010374969879474318,5.6424
50,5,1.0,2,2,0.6573526929330141,0.012243621907232745,0.6823,0.01067754653466794,5.6256
50,5,1.0,2,5,0.6576310878338518,0.012697658617076758,0.6824000000000001,0.011253443917308127,5.4033
50,5,1.0,2,10,0.6567378512816481,0.012590760669698237,0.6817,0.011234322409473531,5.3152
50,5,1.0,5,1,0.6578687279250919,0.01205493264096143,0.6827,0.010536128321162349,5.4416
50,5,1.0,5,2,0.6573526929330141,0.012243621907232745,0.6823,0.01067754653466794,5.463
50,5,1.0,5,5,0.6576310878338518,0.012697658617076758,0.6824000000000001,0.011253443917308127,5.5766
50,5,1.0,5,10,0.6567378512816481,0.012590760669698237,0.6817,0.011234322409473531,5.4971
50,5,1.0,10,1,0.657670807450938,0.011958693847204584,0.6824999999999999,0.010461835403025577,5.7814
50,5,1.0,10,2,0.6573781411141615,0.012118755159022266,0.6823,0.01054561520253794,5.9751
50,5,1.0,10,5,0.6576310878338518,0.012697658617076758,0.6824000000000001,0.011253443917308127,6.5375
50,5,1.0,10,10,0.6567378512816481,0.012590760669698237,0.6817,0.011234322409473531,5.5698
50,5,1.0,20,1,0.6570943733069108,0.011459530492768894,0.6822,0.010047885349664344,1.9509
50,5,1.0,20,2,0.6569917910543476,0.011520415708485658,0.6821,0.01007422453591339,1.9066
50,5,1.0,20,5,0.6571043581990057,0.012412053518911725,0.6819999999999999,0.010899541274750938,1.8821
50,5,1.0,20,10,0.6567378512816481,0.012590760669698237,0.6817,0.011234322409473531,1.9106
50,10,sqrt,2,1,0.6833874184585815,0.013305690048857809,0.7083999999999999,0.012330450113438673,1.3434
50,10,sqrt,2,2,0.6783845772635096,0.010874120083193165,0.7044,0.009921693403849978,1.2255
50,10,sqrt,2,5,0.671350262768695,0.012323752021898175,0.7002,0.011240996397117106,1.2073
50,10,sqrt,2,10,0.6582913827357781,0.012417366101251312,0.6904999999999999,0.01163829884476246,1.1918
50,10,sqrt,5,1,0.6820994107599145,0.011257560249983475,0.7077999999999999,0.010447966309287189,1.2083
50,10,sqrt,5,2,0.6769254263163326,0.012043191096660142,0.7038,0.010647065323364941,1.3144
50,10,sqrt,5,5,0.671350262768695,0.012323752021898175,0.7002,0.011240996397117106,1.3265
50,10,sqrt,5,10,0.6582913827357781,0.012417366101251312,0.6904999999999999,0.01163829884476246,1.308
50,10,sqrt,10,1,0.6746899168063325,0.010524999389086558,0.7013999999999999,0.009799999999999988,1.3315
50,10,sqrt,10,2,0.6772446746558017,0.015147243360790085,0.7039,0.01368539367354845,1.3238
50,10,sqrt,10,5,0.671350262768695,0.012323752021898175,0.7002,0.011240996397117106,1.3124
50,10,sqrt,10,10,0.6582913827357781,0.012417366101251312,0.6904999999999999,0.01163829884476246,1.3312
50,10,sqrt,20,1,0.6706061722685777,0.011257360553561238,0.6990000000000001,0.010285912696499021,1.424
50,10,sqrt,20,2,0.6691972609632156,0.011623217300558007,0.6984,0.010150862032359593,1.3679
50,10,sqrt,20,5,0.6685646848987902,0.012376516493606386,0.6979,0.01157972365818802,1.2987
50,10,sqrt,20,10,0.6582913827357781,0.012417366101251312,0.6904999999999999,0.01163829884476246,1.2943
50,10,log2,2,1,0.675061647045418,0.014941569813809459,0.7024,0.013602940858505531,1.2951
50,10,log2,2,2,0.6666171151918225,0.011197416805401006,0.6956999999999999,0.011480853626799672,1.3438
50,10,log2,2,5,0.6593205711173278,0.013411538584180985,0.6909000000000001,0.01336001497005146,1.2544
50,10,log2,2,10,0.6470560525926438,0.01367587193212355,0.683,0.01389964028311521,1.2327
50,10,log2,5,1,0.6737287599067223,0.013901182994030396,0.7010000000000001,0.013364131097830474,1.1548
50,10,log2,5,2,0.6708562956104527,0.017356710445494077,0.6980999999999999,0.01612730603665717,1.1369
50,10,log2,5,5,0.6593205711173278,0.013411538584180985,0.6909000000000001,0.01336001497005146,1.1393
50,10,log2,5,10,0.6470560525926438,0.01367587193212355,0.683,0.01389964028311521,1.1337
50,10,log2,10,1,0.667607067976782,0.01512562083149589,0.6971,0.013714590770416714,1.1463
50,10,log2,10,2,0.6637220707960391,0.009168835584745353,0.6944,0.00889044430835712,1.2084
50,10,log2,10,5,0.6593205711173278,0.013411538584180985,0.6909000000000001,0.01336001497005146,1.1171
50,10,log2,10,10,0.6470560525926438,0.01367587193212355,0.683,0.01389964028311521,1.1323
50,10,log2,20,1,0.6600827661352255,0.010455507818750293,0.6906,0.01048045800525908,1.127
50,10,log2,20,2,0.6583800167928826,0.011957262819731664,0.6906000000000001,0.011297787393998842,1.1389
50,10,log2,20,5,0.6549328031726516,0.01094737327778555,0.6877,0.010954907576059197,1.159
50,10,log2,20,10,0.6470560525926438,0.01367587193212355,0.683,0.01389964028311521,1.1429
50,10,0.5,2,1,0.7077627410837181,0.013541870747515729,0.7257,0.012393950137062851,2.0555
50,10,0.5,2,2,0.7074457989400356,0.013021954071169344,0.7257,0.011841030360572524,2.0262
50,10,0.5,2,5,0.7031932876777659,0.011293901629173805,0.7216,0.011110355529864929,1.9957
50,10,0.5,2,10,0.6971451767728672,0.010796513665162882,0.7172999999999999,0.01071494283699172,1.9722
50,10,0.5,5,1,0.7102685756322951,0.013094153520643782,0.7283999999999999,0.011867602959317448,2.1634
50,10,0.5,5,2,0.7059043166047306,0.01224896401643316,0.7243,0.01110000000000001,2.0142
50,10,0.5,5,5,0.7031932876777659,0.011293901629173805,0.7216,0.011110355529864929,1.985
50,10,0.5,5,10,0.6971451767728672,0.010796513665162882,0.7172999999999999,0.01071494283699172,1.9053
50,10,0.5,10,1,0.7041251610873355,0.0089518892604013,0.7230000000000001,0.008294576541331096,1.9944
50,10,0.5,10,2,0.7056886223810989,0.009799826689954947,0.7234999999999999,0.009024965373894802,2.0057
50,10,0.5,10,5,0.7031932876777659,0.011293901629173805,0.7216,0.011110355529864929,1.9785
50,10,0.5,10,10,0.6971451767728672,0.010796513665162882,0.7172999999999999,0.01071494283699172,1.9621
50,10,0.5,20,1,0.7006938999441333,0.011288682883288454,0.7195999999999999,0.010660206376989154,2.138
50,10,0.5,20,2,0.7021370040692773,0.011242758937625512,0.7209999999999999,0.010344080432788609,2.1187
50,10,0.5,20,5,0.7009107976159893,0.011681570194365774,0.72,0.011081516141756065,2.1242
50,10,0.5,20,10,0.6971451767728672,0.010796513665162882,0.7172999999999999,0.01071494283699172,2.0414
50,10,1.0,2,1,0.7147037261240311,0.010568991643697397,0.7310999999999999,0.009459915433025823,3.3454
50,10,1.0,2,2,0.715476939255503,0.012213996616113769,0.7323999999999999,0.011253443917308169,3.4075
50,10,1.0,2,5,0.7095249384811627,0.010673811159729598,0.7271,0.009627564593395371,3.4101
50,10,1.0,2,10,0.69978174918289,0.010855484287318005,0.7183999999999999,0.009676776322722364,3.2893
50,10,1.0,5,1,0.7139081275668042,0.011377244227026165,0.7304999999999999,0.01029805806936435,3.369
50,10,1.0,5,2,0.713618009656608,0.01215640617668108,0.7304999999999999,0.011307077429645568,3.6826
50,10,1.0,5,5,0.7095249384811627,0.010673811159729598,0.7271,0.009627564593395371,3.6853
50,10,1.0,5,10,0.69978174918289,0.010855484287318005,0.7183999999999999,0.009676776322722364,3.5672
50,10,1.0,10,1,0.7114890314699391,0.011136214634688824,0.7283999999999999,0.009961927524329827,3.6468
50,10,1.0,10,2,0.712830410013514,0.012727254886717037,0.7300000000000001,0.01150651989091403,3.7028
50,10,1.0,10,5,0.7095249384811627,0.010673811159729598,0.7271,0.009627564593395371,3.6107
50,10,1.0,10,10,0.69978174918289,0.010855484287318005,0.7183999999999999,0.009676776322722364,3.5132
50,10,1.0,20,1,0.7061865133201259,0.009865009360944928,0.7239,0.009027181176868012,3.7456
50,10,1.0,20,2,0.7061685908871624,0.00961417865414298,0.7241,0.008882004278314672,3.4193
50,10,1.0,20,5,0.7051375734828709,0.011164046234220185,0.7231,0.010492378186092997,3.1725
50,10,1.0,20,10,0.69978174918289,0.010855484287318005,0.7183999999999999,0.009676776322722364,3.1284
50,20,sqrt,2,1,0.7433010384157048,0.011495837477523443,0.7585999999999999,0.01104717158371319,1.664
50,20,sqrt,2,2,0.7340483921247244,0.009664388631450064,0.7519,0.008802840450672735,1.5022
50,20,sqrt,2,5,0.7072669649475211,0.013274856821475948,0.7297,0.012247856955402455,1.395
50,20,sqrt,2,10,0.685711028933712,0.012875017504894705,0.7133,0.012665306944563179,1.3464
50,20,sqrt,5,1,0.7383023385057571,0.012301287431293344,0.7547,0.012100000000000012,1.5197
50,20,sqrt,5,2,0.729142041896894,0.0136790694260385,0.7472999999999999,0.012665306944563179,1.4641
50,20,sqrt,5,5,0.7072669649475211,0.013274856821475948,0.7297,0.012247856955402455,1.3872
50,20,sqrt,5,10,0.685711028933712,0.012875017504894705,0.7133,0.012665306944563179,1.376
50,20,sqrt,10,1,0.7262695146740484,0.01288175712861413,0.7449,0.012152777460317468,1.4668
50,20,sqrt,10,2,0.7234923375642295,0.012824307858515524,0.7434000000000001,0.012167168939404116,1.5149
50,20,sqrt,10,5,0.7072669649475211,0.013274856821475948,0.7297,0.012247856955402455,1.5624
50,20,sqrt,10,10,0.685711028933712,0.012875017504894705,0.7133,0.012665306944563179,1.4269
50,20,sqrt,20,1,0.7118321042655964,0.009479432487060728,0.7329000000000001,0.009944345126754208,1.4322
50,20,sqrt,20,2,0.7109134139203024,0.010820253708147208,0.7318,0.010897706180660232,1.4142
50,20,sqrt,20,5,0.6967671750738397,0.011245389683547404,0.7212,0.011643023662262317,1.379
50,20,sqrt,20,10,0.685711028933712,0.012875017504894705,0.7133,0.012665306944563179,1.3544
50,20,log2,2,1,0.7328624014190627,0.013760267960764083,0.7493000000000001,0.012930970574554732,1.3905
50,20,log2,2,2,0.7215994866525967,0.013612391990581323,0.7405,0.012475976915656757,1.3574
50,20,log2,2,5,0.6951960074704181,0.009926596877102034,0.7206999999999999,0.009581753492967776,1.2842
50,20,log2,2,10,0.6726188435541346,0.007156271170459561,0.7031,0.00740877857679659,1.2403
50,20,log2,5,1,0.7315416698556112,0.009860620841413878,0.7496,0.009572878355019463,1.3583
50,20,log2,5,2,0.7232037588737101,0.011597136835082678,0.7429,0.01119330156834882,1.3431
50,20,log2,5,5,0.6951960074704181,0.009926596877102034,0.7206999999999999,0.009581753492967776,1.3534
50,20,log2,5,10,0.6726188435541346,0.007156271170459561,0.7031,0.00740877857679659,1.2761
50,20,log2,10,1,0.7214961068782226,0.011409179363492603,0.7408999999999999,0.010358088626768945,1.3582
50,20,log2,10,2,0.7136659395273288,0.01045417739965409,0.7351,0.010774506949276157,1.3664
50,20,log2,10,5,0.6951960074704181,0.009926596877102034,0.7206999999999999,0.009581753492967776,1.3076
50,20,log2,10,10,0.6726188435541346,0.007156271170459561,0.7031,0.00740877857679659,1.2324
50,20,log2,20,1,0.7105088868797096,0.011767218303508707,0.7327,0.011506954418959008,1.33
50,20,log2,20,2,0.7037670861341419,0.012367981664426965,0.7278,0.011881077392223327,1.294
50,20,log2,20,5,0.6873879845520346,0.008410285000713912,0.7142000000000001,0.007480641683706025,1.2812
50,20,log2,20,10,0.6726188435541346,0.007156271170459561,0.7031,0.00740877857679659,1.2375
50,20,0.5,2,1,0.7514331559583416,0.009487779962536379,0.7639000000000001,0.009491575211733834,2.9089
50,20,0.5,2,2,0.742939687982291,0.008899293717482227,0.7563000000000001,0.009392017887546858,3.0178
50,20,0.5,2,5,0.7320217846512704,0.010093542677028413,0.7474999999999999,0.009489467845985894,2.5868
50,20,0.5,2,10,0.7108122658026764,0.011879927089719439,0.7293999999999999,0.011551623262554931,2.3405
50,20,0.5,5,1,0.7462037597511542,0.005691020707939115,0.7590000000000001,0.006324555320336764,2.897
50,20,0.5,5,2,0.7453480207944192,0.008643445456711035,0.7593,0.008402975663418294,2.8791
50,20,0.5,5,5,0.7320217846512704,0.010093542677028413,0.7474999999999999,0.009489467845985894,2.8901
50,20,0.5,5,10,0.7108122658026764,0.011879927089719439,0.7293999999999999,0.011551623262554931,2.6488
50,20,0.5,10,1,0.7413395507839045,0.009666224590734252,0.7556999999999999,0.009808669634563097,3.0083
50,20,0.5,10,2,0.7401039977405575,0.009145178629347342,0.7545,0.008535221145348264,2.9799
50,20,0.5,10,5,0.7320217846512704,0.010093542677028413,0.7474999999999999,0.009489467845985894,2.8004
50,20,0.5,10,10,0.7108122658026764,0.011879927089719439,0.7293999999999999,0.011551623262554931,2.62
50,20,0.5,20,1,0.7309593793060767,0.00886113038422656,0.7470000000000001,0.008966604708583965,2.9579
50,20,0.5,20,2,0.7267341324854509,0.011170023026483596,0.7432999999999998,0.01067754653466798,2.9527
50,20,0.5,20,5,0.7248269632308574,0.011448307863854363,0.7414000000000001,0.01111935249913412,2.7676
50,20,0.5,20,10,0.7108122658026764,0.011879927089719439,0.7293999999999999,0.011551623262554931,2.5354
50,20,1.0,2,1,0.747442580139822,0.009014939692895444,0.7594000000000001,0.009488940931421176,5.492
50,20,1.0,2,2,0.7460642131445777,0.011550769888897892,0.7586999999999999,0.0116794691660195,5.2803
50,20,1.0,2,5,0.7310585107392844,0.010521535285897301,0.7460000000000001,0.010256705123966477,4.7656
50,20,1.0,2,10,0.7109100573141047,0.011527754337249457,0.7286999999999999,0.010640018796975887,4.6085
50,20,1.0,5,1,0.7459112544671828,0.008037448090032286,0.7586,0.008114185110040325,5.6662
50,20,1.0,5,2,0.7448591370166777,0.010478382364013113,0.7579,0.01059669759878049,5.5665
50,20,1.0,5,5,0.7310585107392844,0.010521535285897301,0.7460000000000001,0.010256705123966477,5.0863
50,20,1.0,5,10,0.7109100573141047,0.011527754337249457,0.7286999999999999,0.010640018796975887,4.6176
50,20,1.0,10,1,0.741198155702164,0.011357497354936649,0.7546,0.011217842929904137,5.6776
50,20,1.0,10,2,0.7401542767262164,0.013974178731737235,0.7545,0.013676622390049391,5.5563
50,20,1.0,10,5,0.7310585107392844,0.010521535285897301,0.7460000000000001,0.010256705123966477,4.9524
50,20,1.0,10,10,0.7109100573141047,0.011527754337249457,0.7286999999999999,0.010640018796975887,4.663
50,20,1.0,20,1,0.7302330737593875,0.012621150448294207,0.7455999999999999,0.011909659944767535,5.2088
50,20,1.0,20,2,0.7264344806283594,0.012728198517992603,0.7424999999999999,0.011766477807738401,4.4796
50,20,1.0,20,5,0.7204531725412353,0.012130738203090363,0.7372,0.011417530380953677,4.0382
50,20,1.0,20,10,0.7109100573141047,0.011527754337249457,0.7286999999999999,0.010640018796975887,3.7874
100,,sqrt,2,1,0.7566522927113766,0.012969263905804778,0.7693000000000001,0.01245833054626503,2.8702
100,,sqrt,2,2,0.7437972459682001,0.01587437171473877,0.7605000000000001,0.014575664650368449,2.727
100,,sqrt,2,5,0.7108880179745661,0.010999616153332111,0.734,0.010853570840972118,2.5498
100,,sqrt,2,10,0.6863104833253457,0.009030775228022208,0.7141,0.009459915433025825,2.4635
100,,sqrt,5,1,0.7501510622934661,0.0120874887119786,0.7652,0.011914696806885195,2.7719
100,,sqrt,5,2,0.7385142446789298,0.012482243158387554,0.7556999999999999,0.011472140166507739,2.7195
100,,sqrt,5,5,0.7108880179745661,0.010999616153332111,0.734,0.010853570840972118,2.5072
100,,sqrt,5,10,0.6863104833253457,0.009030775228022208,0.7141,0.009459915433025825,2.3663
100,,sqrt,10,1,0.738495417928812,0.013237129049164081,0.7558,0.012155657119218207,2.7513
100,,sqrt,10,2,0.7303574413781868,0.010615954362670163,0.7492,0.010137060717979358,2.8511
100,,sqrt,10,5,0.7108880179745661,0.010999616153332111,0.734,0.010853570840972118,2.5349
100,,sqrt,10,10,0.6863104833253457,0.009030775228022208,0.7141,0.009459915433025825,2.3866
100,,sqrt,20,1,0.719233020747897,0.010062093236212221,0.7396999999999999,0.010247438704378777,2.553
100,,sqrt,20,2,0.714095932089187,0.012264089454418429,0.736,0.012433824833895653,2.4828
100,,sqrt,20,5,0.7028947670532886,0.01139396833443472,0.7267999999999999,0.011408768557561339,2.4561
100,,sqrt,20,10,0.6863104833253457,0.009030775228022208,0.7141,0.009459915433025825,2.4865
100,,log2,2,1,0.7532289105322728,0.01004571355408325,0.7670999999999999,0.010300000000000009,2.6655
100,,log2,2,2,0.7334840692450812,0.012015067605475086,0.7525000000000001,0.011368817000902084,2.4447
100,,log2,2,5,0.7003252688337286,0.011431378180078007,0.7255999999999999,0.010983624174196795,2.2592
100,,log2,2,10,0.6704821293888652,0.00999945813068914,0.7023999999999999,0.009509994742375,2.1631
100,,log2,5,1,0.7473411494988366,0.010706521010953872,0.7626999999999999,0.010459923517884832,2.5773
100,,log2,5,2,0.733293219336765,0.012932635134821945,0.7524,0.01184229707446998,2.5405
100,,log2,5,5,0.7003252688337286,0.011431378180078007,0.7255999999999999,0.010983624174196795,2.4579
100,,log2,5,10,0.6704821293888652,0.00999945813068914,0.7023999999999999,0.009509994742375,2.302
100,,log2,10,1,0.7350979367950627,0.010107124090403,0.7532,0.00938935567544441,2.5869
100,,log2,10,2,0.7206784131289569,0.011714937765003921,0.7422,0.011452510641776334,2.5398
100,,log2,10,5,0.7003252688337286,0.011431378180078007,0.7255999999999999,0.010983624174196795,2.4055
100,,log2,10,10,0.6704821293888652,0.00999945813068914,0.7023999999999999,0.009509994742375,2.3053
100,,log2,20,1,0.7143130082204764,0.01264861009002996,0.736,0.012984606270503558,2.7115
100,,log2,20,2,0.7052224866604727,0.012161735280789813,0.7291,0.01167433081593974,2.4247
100,,log2,20,5,0.689751396323403,0.010377617996731316,0.7174,0.009931767214348118,2.3987
100,,log2,20,10,0.6704821293888652,0.00999945813068914,0.7023999999999999,0.009509994742375,2.2676
100,,0.5,2,1,0.7588643049264243,0.006134325876377934,0.7698,0.006305553108173784,5.8825
100,,0.5,2,2,0.7526942117290685,0.008277966994624561,0.7654000000000001,0.008224354077980842,5.5538
100,,0.5,2,5,0.7353048102061633,0.011151529028627259,0.7508000000000001,0.010037928073063694,5.3435
100,,0.5,2,10,0.7148099903060184,0.011250455303357866,0.7339,0.011085576214162268,4.8658
100,,0.5,5,1,0.7502891271576914,0.00768360169957268,0.7628999999999999,0.00806783738061199,6.0838
100,,0.5,5,2,0.7507872058660291,0.008001037909606995,0.764,0.007720103626247521,5.888
100,,0.5,5,5,0.7353048102061633,0.011151529028627259,0.7508000000000001,0.010037928073063694,5.4245
100,,0.5,5,10,0.7148099903060184,0.011250455303357866,0.7339,0.011085576214162268,4.8638
100,,0.5,10,1,0.7499032602271548,0.006388024002757463,0.7633,0.006100000000000005,5.988
100,,0.5,10,2,0.7422309869628704,0.011829079699022518,0.7562,0.011142710621747305,5.8003
100,,0.5,10,5,0.7353048102061633,0.011151529028627259,0.7508000000000001,0.010037928073063694,5.1933
100,,0.5,10,10,0.7148099903060184,0.011250455303357866,0.7339,0.011085576214162268,4.3409
100,,0.5,20,1,0.730555061928241,0.011647653456411798,0.7468,0.011382442620105767,5.1327
100,,0.5,20,2,0.7287411421957548,0.010261437318106898,0.7454,0.009921693403849978,5.0628
100,,0.5,20,5,0.723870379060223,0.013392773004149356,0.7418,0.012749901960407392,4.5329
100,,0.5,20,10,0.7148099903060184,0.011250455303357866,0.7339,0.011085576214162268,4.3871
100,,1.0,2,1,0.75448032417817,0.007997509750644284,0.7653000000000001,0.008786922100485478,9.4356
100,,1.0,2,2,0.751913366217815,0.00847635631152934,0.7642,0.008874683092933523,8.824
100,,1.0,2,5,0.7353466317334731,0.011482325018028105,0.7494,0.011551623262554931,7.9377
100,,1.0,2,10,0.713725493822391,0.013383292861297039,0.7312,0.012726350615946439,6.9739
100,,1.0,5,1,0.7517817276267612,0.008778205492438126,0.7637,0.009788258272031862,9.339
100,,1.0,5,2,0.7510374408618783,0.007722025581089805,0.7634000000000001,0.00815107354892594,8.7616
100,,1.0,5,5,0.7353466317334731,0.011482325018028105,0.7494,0.011551623262554931,8.0507
100,,1.0,5,10,0.713725493822391,0.013383292861297039,0.7312,0.012726350615946439,7.1341
100,,1.0,10,1,0.7460513665178492,0.010572855553193697,0.7595000000000001,0.010604244433244652,9.3448
100,,1.0,10,2,0.7429484751659192,0.011657054765806772,0.7571,0.011536463929645005,9.2873
100,,1.0,10,5,0.7353466317334731,0.011482325018028105,0.7494,0.011551623262554931,8.4644
100,,1.0,10,10,0.713725493822391,0.013383292861297039,0.7312,0.012726350615946439,7.625
100,,1.0,20,1,0.7333153910939416,0.010469322812364894,0.7481,0.01034842983258814,9.3206
100,,1.0,20,2,0.7306792658784295,0.011841799863677198,0.746,0.011891173196955809,8.7782
100,,1.0,20,5,0.7242870074360974,0.01140488821384826,0.7403,0.011225417586887368,8.1193
100,,1.0,20,10,0.713725493822391,0.013383292861297039,0.7312,0.012726350615946439,8.537
100,5,sqrt,2,1,0.6190569631607505,0.011556479151058657,0.6598,0.011897898974188689,2.3681
100,5,sqrt,2,2,0.6175990666473521,0.011240924270812348,0.6583,0.01149826073804209,2.4279
100,5,sqrt,2,5,0.6187570182031779,0.01206196409332433,0.6596000000000001,0.012435433245367862,2.4236
100,5,sqrt,2,10,0.6169551265041219,0.011669819005360451,0.6576000000000001,0.012018319350058903,2.3617
100,5,sqrt,5,1,0.6176916706006005,0.011470007064867845,0.6584000000000001,0.011749042514179624,2.4865
100,5,sqrt,5,2,0.6183486416224009,0.011453364204425904,0.6590999999999999,0.011657186624567707,2.4665
100,5,sqrt,5,5,0.6187570182031779,0.01206196409332433,0.6596000000000001,0.012435433245367862,2.3584
100,5,sqrt,5,10,0.6169551265041219,0.011669819005360451,0.6576000000000001,0.012018319350058903,2.3485
100,5,sqrt,10,1,0.618961774095202,0.012147078596217015,0.6598,0.012544321424453388,2.3951
100,5,sqrt,10,2,0.6190873221888216,0.012362906854951942,0.6599000000000002,0.012770669520428452,2.4152
100,5,sqrt,10,5,0.6187570182031779,0.01206196409332433,0.6596000000000001,0.012435433245367862,2.5339
100,5,sqrt,10,10,0.6169551265041219,0.011669819005360451,0.6576000000000001,0.012018319350058903,2.5089
100,5,sqrt,20,1,0.61666286767081,0.010712397128452315,0.6573,0.010909170454255457,2.1866
100,5,sqrt,20,2,0.6165503899603221,0.011231567747465747,0.6572000000000001,0.011478675881825405,2.0208
100,5,sqrt,20,5,0.617378113920576,0.010511044080604617,0.6581,0.010737318100903979,2.0263
100,5,sqrt,20,10,0.6169551265041219,0.011669819005360451,0.6576000000000001,0.012018319350058903,1.9991
100,5,log2,2,1,0.6173898497319934,0.010463767380872612,0.6594,0.010307278981380109,1.9392
100,5,log2,2,2,0.617096601627812,0.011652669541785267,0.6591,0.011793642355099642,1.9562
100,5,log2,2,5,0.6154718463321387,0.012011522189707174,0.6575,0.01207683733433552,2.0438
100,5,log2,2,10,0.617408012914514,0.010566353553514296,0.6593000000000001,0.010733592129385213,1.9884
100,5,log2,5,1,0.6172165259753091,0.009574423363691804,0.6592,0.009484724561103509,1.9575
100,5,log2,5,2,0.6169423388652163,0.010696114034308413,0.659,0.010788883167408952,1.9721
100,5,log2,5,5,0.6154718463321387,0.012011522189707174,0.6575,0.01207683733433552,1.9273
100,5,log2,5,10,0.617408012914514,0.010566353553514296,0.6593000000000001,0.010733592129385213,1.9318
100,5,log2,10,1,0.61512993181871,0.011377397693616509,0.6571,0.010802314566795406,1.945
100,5,log2,10,2,0.6150396476253146,0.01092664078381322,0.6571,0.01052093151769368,1.9399
100,5,log2,10,5,0.6154718463321387,0.012011522189707174,0.6575,0.01207683733433552,2.0311
100,5,log2,10,10,0.617408012914514,0.010566353553514296,0.6593000000000001,0.010733592129385213,2.0276
100,5,log2,20,1,0.6189904358869723,0.011679634609167332,0.6608,0.011973303637676623,1.9265
100,5,log2,20,2,0.6183715720336218,0.011994906876637316,0.6602000000000001,0.01233531515608743,1.9269
100,5,log2,20,5,0.6177041971598463,0.010597954900263766,0.6594,0.010734989520255724,1.9453
100,5,log2,20,10,0.617408012914514,0.010566353553514296,0.6593000000000001,0.010733592129385213,1.9984
100,5,0.5,2,1,0.6449712343757785,0.013955490289316775,0.6733,0.013334541611919003,2.5811
100,5,0.5,2,2,0.6449634569588895,0.013370379998475946,0.6733,0.012984991336154193,2.591
100,5,0.5,2,5,0.6439710285529745,0.012481532598694781,0.6725,0.01255587511884376,2.6997
100,5,0.5,2,10,0.6458627211387578,0.013407777542212009,0.6746000000000001,0.013388054376943622,2.591
100,5,0.5,5,1,0.6449422241436331,0.013271775085596288,0.6731,0.012988071450373216,2.5896
100,5,0.5,5,2,0.6446455285363613,0.013848932967270144,0.6729,0.013471822445385756,2.6264
100,5,0.5,5,5,0.6439710285529745,0.012481532598694781,0.6725,0.01255587511884376,2.6987
100,5,0.5,5,10,0.6458627211387578,0.013407777542212009,0.6746000000000001,0.013388054376943622,2.566
100,5,0.5,10,1,0.6447338079921139,0.013617525480109232,0.6730999999999999,0.013224598292575827,2.9326
100,5,0.5,10,2,0.6446413653240104,0.01356279981399934,0.6729,0.013080137613954965,2.7494
100,5,0.5,10,5,0.6439710285529745,0.012481532598694781,0.6725,0.01255587511884376,2.6981
100,5,0.5,10,10,0.6458627211387578,0.013407777542212009,0.6746000000000001,0.013388054376943622,2.7094
100,5,0.5,20,1,0.6458278488132746,0.012886645945002308,0.6742999999999999,0.012617844506887837,2.7309
100,5,0.5,20,2,0.6453051075783476,0.013091852348639669,0.6739,0.012723600119463026,2.7214
100,5,0.5,20,5,0.6456074089511772,0.012811107441152405,0.6742000000000001,0.012773409881468594,2.851
100,5,0.5,20,10,0.6458627211387578,0.013407777542212009,0.6746000000000001,0.013388054376943622,2.6675
100,5,1.0,2,1,0.6568687513119796,0.011343159102018566,0.6820999999999999,0.009974467404327886,3.8072
100,5,1.0,2,2,0.6568728000098276,0.011338588926006588,0.6820999999999999,0.009974467404327886,3.7589
100,5,1.0,2,5,0.6565702130579377,0.01121563990669793,0.6817,0.0099704563586628,3.8649
100,5,1.0,2,10,0.6555073386916362,0.0099911239745827,0.681,0.00942337519151177,3.8754
100,5,1.0,5,1,0.6568687513119796,0.011343159102018566,0.6820999999999999,0.009974467404327886,4.0841
100,5,1.0,5,2,0.6568728000098276,0.011338588926006588,0.6820999999999999,0.009974467404327886,4.1986
100,5,1.0,5,5,0.6565702130579377,0.01121563990669793,0.6817,0.0099704563586628,4.3186
100,5,1.0,5,10,0.6555073386916362,0.0099911239745827,0.681,0.00942337519151177,4.3842
100,5,1.0,10,1,0.6567786125306512,0.011155713197967291,0.6819999999999999,0.009808159868191356,4.4594
100,5,1.0,10,2,0.656680142118605,0.011184646811017645,0.6819,0.009833107342035857,4.2983
100,5,1.0,10,5,0.6565702130579377,0.01121563990669793,0.6817,0.0099704563586628,4.3269
100,5,1.0,10,10,0.6555073386916362,0.0099911239745827,0.681,0.00942337519151177,4.3953
100,5,1.0,20,1,0.6563234053150598,0.01108164767384081,0.6818,0.009795917517006739,4.262
100,5,1.0,20,2,0.6563274540129077,0.011077168928418592,0.6818,0.009795917517006739,4.3804
100,5,1.0,20,5,0.6560896673373127,0.0113979455731287,0.6814,0.010121264743103969,4.3719
100,5,1.0,20,10,0.6555073386916362,0.0099911239745827,0.681,0.00942337519151177,4.1152
100,10,sqrt,2,1,0.6801851398430004,0.013759336475891042,0.7061,0.012573384588089232,2.249
100,10,sqrt,2,2,0.6787375702419065,0.011217371154158624,0.7048,0.010313098467483,2.2385
100,10,sqrt,2,5,0.6704486428880372,0.010404281580708625,0.6996,0.009614572273377522,2.2396
100,10,sqrt,2,10,0.6540127435302613,0.012313146338556763,0.6880999999999999,0.01122007130102118,2.3352
100,10,sqrt,5,1,0.6816388130746124,0.010491296667879728,0.7073999999999999,0.01057544325312184,2.2454
100,10,sqrt,5,2,0.6791171453603171,0.009444303400612045,0.7051,0.008360023923410754,2.2303
100,10,sqrt,5,5,0.6704486428880372,0.010404281580708625,0.6996,0.009614572273377522,2.2401
100,10,sqrt,5,10,0.6540127435302613,0.012313146338556763,0.6880999999999999,0.01122007130102118,2.2015
100,10,sqrt,10,1,0.6757552367683044,0.0115505098826437,0.7026999999999999,0.011287603820120541,2.2496
100,10,sqrt,10,2,0.6756673701330775,0.012814548846314402,0.703,0.011738824472663344,2.2609
100,10,sqrt,10,5,0.6704486428880372,0.010404281580708625,0.6996,0.009614572273377522,2.3357
100,10,sqrt,10,10,0.6540127435302613,0.012313146338556763,0.6880999999999999,0.01122007130102118,2.3843
100,10,sqrt,20,1,0.6713600659447445,0.011254792581785175,0.7007,0.01069626102897643,2.2309
100,10,sqrt,20,2,0.6728477683126265,0.012289538849581828,0.7015,0.011324751652906116,2.2353
100,10,sqrt,20,5,0.6674280829882502,0.011889964647477854,0.6975999999999999,0.010809255293497308,2.2306
100,10,sqrt,20,10,0.6540127435302613,0.012313146338556763,0.6880999999999999,0.01122007130102118,2.2073
100,10,log2,2,1,0.6700135029397706,0.013696615346634649,0.6990000000000001,0.012385475364312813,2.1689
100,10,log2,2,2,0.6646340179699839,0.011618299736089178,0.6945,0.011517378173872703,2.2484
100,10,log2,2,5,0.6543350094141298,0.012166912099580901,0.6884,0.011934822998268518,2.1847
100,10,log2,2,10,0.6406716503297,0.010095991407866888,0.6787,0.010526632889960563,2.1184
100,10,log2,5,1,0.6697251861856189,0.012599790346268867,0.6984,0.012289833196589764,2.1748
100,10,log2,5,2,0.6662348129574702,0.015282070596351695,0.6954,0.014185908501044227,2.1537
100,10,log2,5,5,0.6543350094141298,0.012166912099580901,0.6884,0.011934822998268518,2.1564
100,10,log2,5,10,0.6406716503297,0.010095991407866888,0.6787,0.010526632889960563,2.1224
100,10,log2,10,1,0.6654219168414068,0.015643031746237795,0.6957,0.014812494725737433,2.1755
100,10,log2,10,2,0.6624520129535009,0.01169312677443475,0.6933,0.010854031509075284,2.2946
100,10,log2,10,5,0.6543350094141298,0.012166912099580901,0.6884,0.011934822998268518,2.1421
100,10,log2,10,10,0.6406716503297,0.010095991407866888,0.6787,0.010526632889960563,2.1342
100,10,log2,20,1,0.6572623689196778,0.013201824238643148,0.6898,0.01286701208517343,2.1467
100,10,log2,20,2,0.6559269296256223,0.011444502370903414,0.6887999999999999,0.011034491379306944,2.1626
100,10,log2,20,5,0.6503356226262179,0.013034837923757724,0.6849,0.012045331045679028,2.117
100,10,log2,20,10,0.6406716503297,0.010095991407866888,0.6787,0.010526632889960563,2.1166
100,10,0.5,2,1,0.7079333398977772,0.010989724975965212,0.7256,0.010209799214480184,3.9165
100,10,0.5,2,2,0.709245999517024,0.010788064399548306,0.7271,0.009710303805751917,3.7125
100,10,0.5,2,5,0.7043944419507738,0.01154204589583454,0.7228,0.010562196741208724,3.5694
100,10,0.5,2,10,0.6969284387915602,0.010924711894911216,0.717,0.010890362712049595,3.5354
100,10,0.5,5,1,0.7083553360611934,0.012223762287112448,0.7269,0.011291146974510616,3.97
100,10,0.5,5,2,0.706731457280602,0.009779740443001688,0.7251000000000001,0.00917005997799361,3.835
100,10,0.5,5,5,0.7043944419507738,0.01154204589583454,0.7228,0.010562196741208724,3.6314
100,10,0.5,5,10,0.6969284387915602,0.010924711894911216,0.717,0.010890362712049595,3.4913
100,10,0.5,10,1,0.7055692207972937,0.010359642293230982,0.724,0.009380831519646868,3.6887
100,10,0.5,10,2,0.7067592717758713,0.01103127749668535,0.7247,0.0104503588455134,3.7987
100,10,0.5,10,5,0.7043944419507738,0.01154204589583454,0.7228,0.010562196741208724,3.6746
100,10,0.5,10,10,0.6969284387915602,0.010924711894911216,0.717,0.010890362712049595,3.4691
100,10,0.5,20,1,0.6997210083589955,0.010932275068512468,0.7191,0.010280564186852791,3.6251
100,10,0.5,20,2,0.7025139991385605,0.009907725479579504,0.7214999999999999,0.009340770846134711,4.0368
100,10,0.5,20,5,0.6994429113767608,0.011448426720978035,0.7188999999999999,0.010520931517693679,4.3218
100,10,0.5,20,10,0.6969284387915602,0.010924711894911216,0.717,0.010890362712049595,4.2597
100,10,1.0,2,1,0.7146454837966912,0.010520656852329101,0.7309,0.009914131328563293,6.8533
100,10,1.0,2,2,0.7145743207256403,0.011672643380169219,0.7314999999999999,0.01063249735480805,6.8669
100,10,1.0,2,5,0.709806941442628,0.010451439973966298,0.7272,0.009754998718605768,6.6301
100,10,1.0,2,10,0.7026843645791994,0.012458149805332618,0.7209,0.011388151737661395,6.3224
100,10,1.0,5,1,0.7131597159579248,0.011685626254833874,0.7301,0.010549407566304386,6.8486
100,10,1.0,5,2,0.7130237089237734,0.011388230919145138,0.73,0.010276186062932114,6.8703
100,10,1.0,5,5,0.709806941442628,0.010451439973966298,0.7272,0.009754998718605768,6.6106
100,10,1.0,5,10,0.7026843645791994,0.012458149805332618,0.7209,0.011388151737661395,6.4635
100,10,1.0,10,1,0.712403147157408,0.011792372571835267,0.7293,0.010742904635153391,6.6931
100,10,1.0,10,2,0.711644912631541,0.011986537436085519,0.7289,0.011049434374663719,6.4869
100,10,1.0,10,5,0.709806941442628,0.010451439973966298,0.7272,0.009754998718605768,6.8708
100,10,1.0,10,10,0.7026843645791994,0.012458149805332618,0.7209,0.011388151737661395,6.8893
100,10,1.0,20,1,0.7086274625092313,0.011719340363937682,0.7263,0.011243220179290282,7.2185
100,10,1.0,20,2,0.7092581871607855,0.01184338835096508,0.7268,0.011249888888340196,7.2285
100,10,1.0,20,5,0.7074364214791654,0.011263436650376995,0.725,0.01100000000000001,7.2206
100,10,1.0,20,10,0.7026843645791994,0.012458149805332618,0.7209,0.011388151737661395,6.8796
100,20,sqrt,2,1,0.7431086547331851,0.010339073840910032,0.7587999999999999,0.010274239631233065,3.3333
100,20,sqrt,2,2,0.7336581048242315,0.014189928582377779,0.7519,0.012949517365523716,3.2063
100,20,sqrt,2,5,0.7065025948990452,0.011915779857590608,0.7288999999999999,0.011844407963254231,3.1813
100,20,sqrt,2,10,0.6871416875025841,0.01091799722357842,0.7144,0.011412274094149693,2.9562
100,20,sqrt,5,1,0.7368154519391699,0.01301428664276996,0.754,0.012505998560690797,3.2663
100,20,sqrt,5,2,0.7279255518287011,0.013341031407223343,0.7463,0.012223338332877818,3.205
100,20,sqrt,5,5,0.7065025948990452,0.011915779857590608,0.7288999999999999,0.011844407963254231,2.9669
100,20,sqrt,5,10,0.6871416875025841,0.01091799722357842,0.7144,0.011412274094149693,2.998
100,20,sqrt,10,1,0.7270599555813877,0.012893104231331224,0.7459,0.012234786471369259,3.3797
100,20,sqrt,10,2,0.7223273306681036,0.013233274976633872,0.7423000000000001,0.01269685000305195,3.1143
100,20,sqrt,10,5,0.7065025948990452,0.011915779857590608,0.7288999999999999,0.011844407963254231,3.0677
100,20,sqrt,10,10,0.6871416875025841,0.01091799722357842,0.7144,0.011412274094149693,2.8849
100,20,sqrt,20,1,0.7137860833565081,0.009993039774969332,0.7347999999999999,0.010244998779892565,3.1716
100,20,sqrt,20,2,0.7086565316344051,0.0117397080178222,0.73,0.011738824472663362,3.174
100,20,sqrt,20,5,0.6983601851171569,0.012106529489052047,0.7224999999999999,0.01168973909033047,2.8307
100,20,sqrt,20,10,0.6871416875025841,0.01091799722357842,0.7144,0.011412274094149693,2.3773
100,20,log2,2,1,0.7347607853664482,0.015972081930997063,0.7515000000000001,0.01475974254518013,2.4833
100,20,log2,2,2,0.7232813246734969,0.01237665016301329,0.7426999999999999,0.01137585161647251,2.4077
100,20,log2,2,5,0.6926404805276161,0.013585685078709296,0.7183999999999999,0.013260467563400633,2.3844
100,20,log2,2,10,0.6710315725311424,0.008538180603630605,0.7027,0.008343260753446467,2.2781
100,20,log2,5,1,0.731415773096536,0.01244037818449011,0.7492000000000001,0.012114454176726259,2.4609
100,20,log2,5,2,0.7223916389749403,0.012335693050663368,0.7421,0.011768177428981952,2.3891
100,20,log2,5,5,0.6926404805276161,0.013585685078709296,0.7183999999999999,0.013260467563400633,2.2716
100,20,log2,5,10,0.6710315725311424,0.008538180603630605,0.7027,0.008343260753446467,2.1734
100,20,log2,10,1,0.720732287088593,0.012947697136506746,0.7402,0.012843675486401867,2.4059
100,20,log2,10,2,0.7156713913999015,0.011553248474941864,0.7372,0.011668761716651868,2.4789
100,20,log2,10,5,0.6926404805276161,0.013585685078709296,0.7183999999999999,0.013260467563400633,2.2668
100,20,log2,10,10,0.6710315725311424,0.008538180603630605,0.7027,0.008343260753446467,2.1716
100,20,log2,20,1,0.7080824429310997,0.013029372160987868,0.7303,0.012992690252599741,2.3515
100,20,log2,20,2,0.701778151819095,0.011181795356597081,0.7257999999999999,0.010989085494252931,2.316
100,20,log2,20,5,0.683891491671699,0.009592040112337216,0.7123999999999999,0.008754427451295723,2.2685
100,20,log2,20,10,0.6710315725311424,0.008538180603630605,0.7027,0.008343260753446467,2.2747
100,20,0.5,2,1,0.7502385382248673,0.009043329765054581,0.7630000000000001,0.008660254037844393,5.4261
100,20,0.5,2,2,0.7474555897888613,0.007942839603936281,0.7611000000000001,0.008537564055396605,5.0888
100,20,0.5,2,5,0.7330247450638361,0.011030628988132738,0.7485000000000002,0.010480935072788125,4.6243
100,20,0.5,2,10,0.7149141215935025,0.01153026364812255,0.7333000000000001,0.011340634902861491,4.3206
100,20,0.5,5,1,0.7507695502294954,0.00788701820197365,0.7635,0.008452810183601672,5.2334
100,20,0.5,5,2,0.7456798094741189,0.009235662561226647,0.7597,0.00938136450629652,5.0542
100,20,0.5,5,5,0.7330247450638361,0.011030628988132738,0.7485000000000002,0.010480935072788125,4.6262
100,20,0.5,5,10,0.7149141215935025,0.01153026364812255,0.7333000000000001,0.011340634902861491,4.3153
100,20,0.5,10,1,0.7430268135760218,0.009220653510193631,0.7571,0.00908240056372764,4.9757
100,20,0.5,10,2,0.7399194348500373,0.009951767180743231,0.7546999999999999,0.009644169222903554,4.9144
100,20,0.5,10,5,0.7330247450638361,0.011030628988132738,0.7485000000000002,0.010480935072788125,4.684
100,20,0.5,10,10,0.7149141215935025,0.01153026364812255,0.7333000000000001,0.011340634902861491,4.2497
100,20,0.5,20,1,0.7313358729523296,0.009497116158202614,0.7478,0.009495261976375385,4.8595
100,20,0.5,20,2,0.7295386457844529,0.009727710992422763,0.7464999999999999,0.009047098982546844,4.876
100,20,0.5,20,5,0.724589530123196,0.012863137251101258,0.7421000000000001,0.012242957159118065,4.5348
100,20,0.5,20,10,0.7149141215935025,0.01153026364812255,0.7333000000000001,0.011340634902861491,4.2151
100,20,1.0,2,1,0.7488536487039681,0.009653115148290467,0.7612,0.010684568311354474,9.2346
100,20,1.0,2,2,0.7479134071055509,0.009013061985847583,0.7609000000000001,0.00908240056372764,8.7188
100,20,1.0,2,5,0.734574261508117,0.011115207213425954,0.749,0.010945318634009712,8.0883
100,20,1.0,2,10,0.7140159966104718,0.013631070783725578,0.7314999999999999,0.012963410045200309,7.3963
100,20,1.0,5,1,0.7478625978570428,0.007799728190421566,0.7605000000000001,0.008114801291467346,9.7068
100,20,1.0,5,2,0.7482801948206502,0.010459722082841419,0.7613,0.010402403568406687,9.3842
100,20,1.0,5,5,0.734574261508117,0.011115207213425954,0.749,0.010945318634009712,8.422
100,20,1.0,5,10,0.7140159966104718,0.013631070783725578,0.7314999999999999,0.012963410045200309,7.4457
100,20,1.0,10,1,0.7444831419845768,0.009874282354503655,0.7581,0.009782126558167206,9.4062
100,20,1.0,10,2,0.7404502427848647,0.011453516976262861,0.7548000000000001,0.011338430226446702,9.2486
100,20,1.0,10,5,0.734574261508117,0.011115207213425954,0.749,0.010945318634009712,8.3542
100,20,1.0,10,10,0.7140159966104718,0.013631070783725578,0.7314999999999999,0.012963410045200309,7.4307
100,20,1.0,20,1,0.7325892182498608,0.010225273436974425,0.7476,0.010061808982484223,9.1497
100,20,1.0,20,2,0.7286037644062219,0.011805445553738575,0.7444,0.011438531374263055,9.5606
100,20,1.0,20,5,0.724413321997549,0.011301975336212104,0.7405000000000002,0.011173629669896898,8.8102
100,20,1.0,20,10,0.7140159966104718,0.013631070783725578,0.7314999999999999,0.012963410045200309,8.1709
200,,sqrt,2,1,0.7568393135479432,0.012549382168969761,0.7700000000000001,0.012361229712289966,6.2686
200,,sqrt,2,2,0.7416494335852772,0.013013529512981433,0.7592000000000001,0.011745637488020828,5.8295
200,,sqrt,2,5,0.7111038442278915,0.01286879223040702,0.7338999999999999,0.012161003248087728,5.4147
200,,sqrt,2,10,0.686956471774207,0.008210448078659815,0.7146999999999999,0.008637708029332789,5.1225
200,,sqrt,5,1,0.7487173490875654,0.011757284929309298,0.7638,0.01115168148756053,6.1802
200,,sqrt,5,2,0.7380505365708099,0.012559218321492902,0.7556,0.011173182178770747,5.7646
200,,sqrt,5,5,0.7111038442278915,0.01286879223040702,0.7338999999999999,0.012161003248087728,5.3238
200,,sqrt,5,10,0.686956471774207,0.008210448078659815,0.7146999999999999,0.008637708029332789,5.2528
200,,sqrt,10,1,0.7393870320815901,0.012656762575530266,0.7571999999999999,0.011582745788456217,5.4868
200,,sqrt,10,2,0.7302546762975423,0.011343503410775557,0.7495,0.010698130677833404,5.2238
200,,sqrt,10,5,0.7111038442278915,0.01286879223040702,0.7338999999999999,0.012161003248087728,5.029
200,,sqrt,10,10,0.686956471774207,0.008210448078659815,0.7146999999999999,0.008637708029332789,4.6443
200,,sqrt,20,1,0.7210948404188827,0.01175004116952079,0.7416,0.011706408501329528,5.1117
200,,sqrt,20,2,0.7155177628489879,0.010295190224827708,0.7373,0.01049809506529638,4.9158
200,,sqrt,20,5,0.7026916670797845,0.009262609141298301,0.7269,0.009385627309881857,4.8302
200,,sqrt,20,10,0.686956471774207,0.008210448078659815,0.7146999999999999,0.008637708029332789,4.7447
200,,log2,2,1,0.7532662923333808,0.010838641085138807,0.7674,0.009961927524329827,5.3127
200,,log2,2,2,0.7350987690513309,0.013275224745180461,0.7543,0.012474373731775087,4.8425
200,,log2,2,5,0.7002655690581683,0.010653536508874325,0.7257999999999999,0.010244998779892567,4.3968
200,,log2,2,10,0.6696433026895454,0.00755416878536883,0.7021,0.007147726911403379,4.1535
200,,log2,5,1,0.7473200896970769,0.011964568104462536,0.7630999999999999,0.011886547017532056,5.162
200,,log2,5,2,0.7337891684522684,0.013659299858924364,0.753,0.012633289357883016,4.6883
200,,log2,5,5,0.7002655690581683,0.010653536508874325,0.7257999999999999,0.010244998779892567,4.3823
200,,log2,5,10,0.6696433026895454,0.00755416878536883,0.7021,0.007147726911403379,4.2271
200,,log2,10,1,0.7330190850229245,0.011664918599023768,0.7518999999999999,0.011220071301021229,4.8709
200,,log2,10,2,0.7219815181566844,0.011173535171401327,0.7432,0.01046709128650363,4.7396
200,,log2,10,5,0.7002655690581683,0.010653536508874325,0.7257999999999999,0.010244998779892567,4.3985
200,,log2,10,10,0.6696433026895454,0.00755416878536883,0.7021,0.007147726911403379,4.3548
200,,log2,20,1,0.7158487534201627,0.010840192765692366,0.7376,0.010873821775254559,4.8221
200,,log2,20,2,0.7064825058764489,0.01188551311859242,0.7303,0.01205860688471103,4.5396
200,,log2,20,5,0.6891605250095495,0.009699027143626584,0.7169000000000001,0.009565040512198584,4.547
200,,log2,20,10,0.6696433026895454,0.00755416878536883,0.7021,0.007147726911403379,4.4035
200,,0.5,2,1,0.758895570912178,0.007913960071900346,0.7703,0.008000624975587851,11.2014
200,,0.5,2,2,0.7525681229600442,0.008556721168699698,0.7654000000000001,0.008593020423576342,11.2148
200,,0.5,2,5,0.7354243802314616,0.010701409130256944,0.7508,0.010027960909377348,10.3937
200,,0.5,2,10,0.7149138787642934,0.01350231339541207,0.7339,0.012949517365523716,9.3585
200,,0.5,5,1,0.7549546133074002,0.00818370430078938,0.7676,0.008522910301065015,11.9201
200,,0.5,5,2,0.7529426874735732,0.00912054784774962,0.766,0.008876936408468867,11.2713
200,,0.5,5,5,0.7354243802314616,0.010701409130256944,0.7508,0.010027960909377348,10.0326
200,,0.5,5,10,0.7149138787642934,0.01350231339541207,0.7339,0.012949517365523716,9.0137
200,,0.5,10,1,0.7499001526891105,0.008774164413465539,0.7632999999999999,0.008579627031520667,11.4686
200,,0.5,10,2,0.7443201018239871,0.010734755097433215,0.7583,0.010668176976409802,12.0761
200,,0.5,10,5,0.7354243802314616,0.010701409130256944,0.7508,0.010027960909377348,11.4587
200,,0.5,10,10,0.7149138787642934,0.01350231339541207,0.7339,0.012949517365523716,10.4596
200,,0.5,20,1,0.7323317046879128,0.009675830319692278,0.7485,0.009635870484808321,12.329
200,,0.5,20,2,0.7288667633097276,0.011694381461596801,0.7453000000000001,0.011153923076657838,11.9641
200,,0.5,20,5,0.7237844089665765,0.013565287046119942,0.7415,0.012379418403139959,11.359
200,,0.5,20,10,0.7149138787642934,0.01350231339541207,0.7339,0.012949517365523716,10.6081
200,,1.0,2,1,0.755126862147764,0.008257018791700436,0.7657,0.009110982383914489,21.4845
200,,1.0,2,2,0.7524954658480535,0.00921335218794136,0.7649000000000001,0.009278469701410904,17.5582
200,,1.0,2,5,0.7348446087782898,0.012887015454595273,0.7496,0.01297073629367278,15.757
200,,1.0,2,10,0.7150350277368964,0.013909727765996662,0.7327,0.013409325113517098,13.9379
200,,1.0,5,1,0.7537834769695452,0.008084808242343073,0.7654,0.009090654541890819,18.2072
200,,1.0,5,2,0.7511426179652476,0.010039483627314529,0.7638,0.010007996802557451,17.4843
200,,1.0,5,5,0.7348446087782898,0.012887015454595273,0.7496,0.01297073629367278,15.6355
200,,1.0,5,10,0.7150350277368964,0.013909727765996662,0.7327,0.013409325113517098,13.8804
200,,1.0,10,1,0.746393704739085,0.010475853901094267,0.7595999999999999,0.010836973747315263,17.966
200,,1.0,10,2,0.7425389621591988,0.012522835165346422,0.7564,0.012435433245367862,17.2344
200,,1.0,10,5,0.7348446087782898,0.012887015454595273,0.7496,0.01297073629367278,15.8095
200,,1.0,10,10,0.7150350277368964,0.013909727765996662,0.7327,0.013409325113517098,14.0322
200,,1.0,20,1,0.7335214491231132,0.012085964879405985,0.7485,0.011757976016304858,19.0221
200,,1.0,20,2,0.7315353570528862,0.011929669495441629,0.7469000000000001,0.01172561299037284,18.2924
200,,1.0,20,5,0.723109445513092,0.012819754765172707,0.7397999999999999,0.012294714311442958,16.7309
200,,1.0,20,10,0.7150350277368964,0.013909727765996662,0.7327,0.013409325113517098,15.3231
200,5,sqrt,2,1,0.6196974844295356,0.013072314174611565,0.6609,0.013486660075793426,4.1785
200,5,sqrt,2,2,0.6186365040275763,0.012821095153391636,0.6597000000000001,0.0130694299799188,4.0311
200,5,sqrt,2,5,0.6194223755994956,0.012003384501432342,0.6606,0.012257242756835662,4.0031
200,5,sqrt,2,10,0.6170292781720784,0.01340838354528312,0.658,0.013776792079435631,4.2012
200,5,sqrt,5,1,0.6188214178501072,0.013510059838485345,0.6599,0.01392443894740468,4.5978
200,5,sqrt,5,2,0.6193007897832462,0.012999124286153305,0.6604,0.013283071933856276,4.8057
200,5,sqrt,5,5,0.6194223755994956,0.012003384501432342,0.6606,0.012257242756835662,4.5084
200,5,sqrt,5,10,0.6170292781720784,0.01340838354528312,0.658,0.013776792079435631,4.7637
200,5,sqrt,10,1,0.6200171852226495,0.012009926006610603,0.6612000000000001,0.012375782803523997,4.519
200,5,sqrt,10,2,0.620209446688395,0.01191437879958481,0.6614000000000001,0.012232742946698434,4.616
200,5,sqrt,10,5,0.6194223755994956,0.012003384501432342,0.6606,0.012257242756835662,4.6259
200,5,sqrt,10,10,0.6170292781720784,0.01340838354528312,0.658,0.013776792079435631,4.5366
200,5,sqrt,20,1,0.6182832816642547,0.011919159032141526,0.6594,0.012216382443260372,4.5776
200,5,sqrt,20,2,0.6180053212404519,0.011532914289764119,0.6591000000000001,0.011802118453904801,4.5648
200,5,sqrt,20,5,0.6177435056571807,0.01296878150769348,0.6588,0.013377593206552527,4.6695
200,5,sqrt,20,10,0.6170292781720784,0.01340838354528312,0.658,0.013776792079435631,4.6024
200,5,log2,2,1,0.6176344917030089,0.009937806139928606,0.6597000000000001,0.009889893831583844,4.3788
200,5,log2,2,2,0.6159001040556142,0.012032884833884884,0.658,0.012255610959882833,4.5924
200,5,log2,2,5,0.6168876630810863,0.012044433358940796,0.6591,0.01211156472137272,4.3174
200,5,log2,2,10,0.6170766598752447,0.011155008276884865,0.659,0.011515207336387836,3.7539
200,5,log2,5,1,0.617419743927217,0.012133088367750514,0.6595000000000001,0.012257650672131274,3.7072
200,5,log2,5,2,0.6172993555764001,0.011859040100446038,0.6595000000000001,0.012060265337047947,3.8817
200,5,log2,5,5,0.6168876630810863,0.012044433358940796,0.6591,0.01211156472137272,3.7459
200,5,log2,5,10,0.6170766598752447,0.011155008276884865,0.659,0.011515207336387836,3.7135
200,5,log2,10,1,0.6174062480006343,0.013092032315009508,0.6596,0.013222707740852487,3.6859
200,5,log2,10,2,0.6176958060082074,0.0125854588335161,0.6598999999999999,0.01267635594325121,3.703
200,5,log2,10,5,0.6168876630810863,0.012044433358940796,0.6591,0.01211156472137272,3.6869
200,5,log2,10,10,0.6170766598752447,0.011155008276884865,0.659,0.011515207336387836,3.6726
200,5,log2,20,1,0.6170344115890478,0.013186454503340156,0.659,0.01354990774876347,3.7175
200,5,log2,20,2,0.6171097525586531,0.012426154395049708,0.6591000000000001,0.012794139283281245,3.6986
200,5,log2,20,5,0.6170774401921181,0.011875143244455664,0.6591,0.012291867230002132,3.8793
200,5,log2,20,10,0.6170766598752447,0.011155008276884865,0.659,0.011515207336387836,3.6686
200,5,0.5,2,1,0.6462893675781688,0.014371118566570725,0.6751,0.0133300412602512,4.8924
200,5,0.5,2,2,0.6472054953594826,0.014740578748989762,0.6757,0.01377715500384602,5.0533
200,5,0.5,2,5,0.64619887170803,0.0150284376159919,0.6751,0.014081548210335375,4.9491
200,5,0.5,2,10,0.6450075390148451,0.01506357060375299,0.6743,0.013971757226634,4.8423
200,5,0.5,5,1,0.6472045558446735,0.014402689451547965,0.6758000000000001,0.013437261625792639,4.8112
200,5,0.5,5,2,0.6472387453840781,0.0147943672673828,0.6757000000000001,0.013871193171461474,4.9782
200,5,0.5,5,5,0.64619887170803,0.0150284376159919,0.6751,0.014081548210335375,4.8478
200,5,0.5,5,10,0.6450075390148451,0.01506357060375299,0.6743,0.013971757226634,4.8427
200,5,0.5,10,1,0.6461894139266569,0.015191441540794352,0.6749,0.014293005282305028,4.9746
200,5,0.5,10,2,0.6463567380610795,0.015606852150842836,0.6751,0.014418391033676379,4.852
200,5,0.5,10,5,0.64619887170803,0.0150284376159919,0.6751,0.014081548210335375,4.8561
200,5,0.5,10,10,0.6450075390148451,0.01506357060375299,0.6743,0.013971757226634,4.9679
200,5,0.5,20,1,0.6454125457527102,0.014612578361069913,0.6745,0.013785862323409413,4.8926
200,5,0.5,20,2,0.6454333803416701,0.014512899608484285,0.6745,0.013734991809243978,4.9532
200,5,0.5,20,5,0.6454750919024301,0.013341734992733112,0.6744000000000001,0.012690153663372223,4.8744
200,5,0.5,20,10,0.6450075390148451,0.01506357060375299,0.6743,0.013971757226634,4.951
200,5,1.0,2,1,0.6563559648412943,0.01044269734793015,0.6818,0.009713907555664685,6.7916
200,5,1.0,2,2,0.6571520802371602,0.010796623261077835,0.6824,0.009891410415102563,6.8096
200,5,1.0,2,5,0.6564909701984971,0.010671014278206851,0.6819,0.00995439601382221,6.7419
200,5,1.0,2,10,0.6562652566351653,0.010446044791825133,0.6819000000000001,0.009699999999999973,6.7568
200,5,1.0,5,1,0.6565428585931383,0.010758671472639614,0.6819000000000001,0.009873702446397676,6.9139
200,5,1.0,5,2,0.6568807477987486,0.010827294283821013,0.6821999999999999,0.009937806599043848,6.7681
200,5,1.0,5,5,0.6564909701984971,0.010671014278206851,0.6819,0.00995439601382221,6.8647
200,5,1.0,5,10,0.6562652566351653,0.010446044791825133,0.6819000000000001,0.009699999999999973,6.7625
200,5,1.0,10,1,0.6565428585931383,0.010758671472639614,0.6819000000000001,0.009873702446397676,7.0249
200,5,1.0,10,2,0.6568456480648333,0.010584605343352656,0.6822000000000001,0.009754998718605731,6.8605
200,5,1.0,10,5,0.6564909701984971,0.010671014278206851,0.6819,0.00995439601382221,6.7843
200,5,1.0,10,10,0.6562652566351653,0.010446044791825133,0.6819000000000001,0.009699999999999973,6.7702
200,5,1.0,20,1,0.6565856237107538,0.010241902386635571,0.682,0.009612491872558304,6.811
200,5,1.0,20,2,0.65663873600477,0.010265571045081743,0.682,0.009654014708917708,6.8039
200,5,1.0,20,5,0.6568730541617839,0.009999127841816911,0.6821999999999999,0.009463614531456757,6.7589
200,5,1.0,20,10,0.6562652566351653,0.010446044791825133,0.6819000000000001,0.009699999999999973,6.889
200,10,sqrt,2,1,0.6820432970936339,0.012646683693327375,0.7078999999999999,0.011768177428981952,4.377
200,10,sqrt,2,2,0.6799496537435615,0.01198640576102144,0.7066999999999999,0.01053612832116239,4.2223
200,10,sqrt,2,5,0.6732898544173171,0.010223118548031776,0.7017,0.009613012014972215,4.1603
200,10,sqrt,2,10,0.6577607687873716,0.010651996521763199,0.6910000000000001,0.010049875621120852,4.2758
200,10,sqrt,5,1,0.6826985976968228,0.011535460058699066,0.7085,0.011056672193748,4.1766
200,10,sqrt,5,2,0.6788571764289977,0.012653185832502788,0.7057,0.011506954418959008,4.1977
200,10,sqrt,5,5,0.6732898544173171,0.010223118548031776,0.7017,0.009613012014972215,4.3242
200,10,sqrt,5,10,0.6577607687873716,0.010651996521763199,0.6910000000000001,0.010049875621120852,4.2872
200,10,sqrt,10,1,0.6788472238150678,0.010148332406379303,0.7055,0.009697937925146777,4.2096
200,10,sqrt,10,2,0.6760842113950357,0.012705822104247082,0.7035,0.012355160864998879,4.2365
200,10,sqrt,10,5,0.6732898544173171,0.010223118548031776,0.7017,0.009613012014972215,4.3178
200,10,sqrt,10,10,0.6577607687873716,0.010651996521763199,0.6910000000000001,0.010049875621120852,4.215
200,10,sqrt,20,1,0.6739287111705972,0.011510282003186616,0.7029,0.01087612063191652,4.1956
200,10,sqrt,20,2,0.671294926126063,0.011456270338220467,0.7006999999999999,0.011135977729862781,4.2497
200,10,sqrt,20,5,0.6651845663977023,0.010484930927689401,0.696,0.010825894882179476,4.7783
200,10,sqrt,20,10,0.6577607687873716,0.010651996521763199,0.6910000000000001,0.010049875621120852,4.4801
200,10,log2,2,1,0.6710891611159984,0.011667373397556692,0.6998999999999999,0.011344161493913941,4.2904
200,10,log2,2,2,0.6673469340228706,0.011259592856043896,0.6974,0.010919706955774941,4.3563
200,10,log2,2,5,0.657057035142913,0.00992871494490031,0.6907,0.010296115772464837,4.4338
200,10,log2,2,10,0.6444495464543658,0.010669816123522448,0.6822,0.010787029248129404,4.2681
200,10,log2,5,1,0.6698673198265598,0.01220940725774097,0.6984999999999999,0.011465164630305133,4.2999
200,10,log2,5,2,0.6665574499718879,0.012839903685333656,0.6961999999999999,0.012048236385463191,4.3987
200,10,log2,5,5,0.657057035142913,0.00992871494490031,0.6907,0.010296115772464837,4.4053
200,10,log2,5,10,0.6444495464543658,0.010669816123522448,0.6822,0.010787029248129404,4.327
200,10,log2,10,1,0.666176206426849,0.013585954908430804,0.6965,0.012611502686040211,4.4649
200,10,log2,10,2,0.6620188905556287,0.00954296009192551,0.6932,0.00937869927015465,4.6143
200,10,log2,10,5,0.657057035142913,0.00992871494490031,0.6907,0.010296115772464837,4.4048
200,10,log2,10,10,0.6444495464543658,0.010669816123522448,0.6822,0.010787029248129404,4.4561
200,10,log2,20,1,0.6557451589913018,0.010752189656641,0.6894,0.01094714574672317,4.4349
200,10,log2,20,2,0.6559075697894937,0.012848403334694168,0.6895,0.01210991329448725,4.4886
200,10,log2,20,5,0.6503193800762379,0.012693283545208892,0.6862999999999999,0.012570202862324815,4.3818
200,10,log2,20,10,0.6444495464543658,0.010669816123522448,0.6822,0.010787029248129404,4.3557
200,10,0.5,2,1,0.7086640755261333,0.011474864349153367,0.7263999999999999,0.010594338110519233,8.0347
200,10,0.5,2,2,0.7074496899930708,0.012183666587352149,0.7253000000000001,0.011269871339105883,7.618
200,10,0.5,2,5,0.7039184375705381,0.012951755008144973,0.7222999999999999,0.012008746812219842,7.8266
200,10,0.5,2,10,0.6959559264150006,0.012615517167297662,0.7166,0.01195156893466294,7.3313
200,10,0.5,5,1,0.709454554840427,0.012330738113245476,0.7273,0.011180787092150543,7.7933
200,10,0.5,5,2,0.7052693703971468,0.010459814036584577,0.7233,0.009829038610159194,8.0086
200,10,0.5,5,5,0.7039184375705381,0.012951755008144973,0.7222999999999999,0.012008746812219842,7.7678
200,10,0.5,5,10,0.6959559264150006,0.012615517167297662,0.7166,0.01195156893466294,7.4489
200,10,0.5,10,1,0.7064050202405949,0.011561214084948911,0.7247999999999999,0.01078702924812945,7.7863
200,10,0.5,10,2,0.7058697052781225,0.011305141594933581,0.7239,0.010300000000000009,7.6105
200,10,0.5,10,5,0.7039184375705381,0.012951755008144973,0.7222999999999999,0.012008746812219842,7.9849
200,10,0.5,10,10,0.6959559264150006,0.012615517167297662,0.7166,0.01195156893466294,8.5706
200,10,0.5,20,1,0.7000701096692645,0.011611785966685101,0.7192,0.01058111525312905,8.8451
200,10,0.5,20,2,0.6993012530202496,0.009829055528736438,0.7184999999999999,0.009372833082905091,9.2413
200,10,0.5,20,5,0.6994503671070126,0.010440184498456411,0.7187,0.01003045362882458,8.7249
200,10,0.5,20,10,0.6959559264150006,0.012615517167297662,0.7166,0.01195156893466294,8.5662
200,10,1.0,2,1,0.71508571842692,0.010731857342501323,0.7312999999999998,0.010060318086422524,15.0239
200,10,1.0,2,2,0.713877600377697,0.009992195353698732,0.731,0.009391485505499125,14.8828
200,10,1.0,2,5,0.70907003363216,0.01117239316592832,0.7265,0.01084665847162158,14.3048
200,10,1.0,2,10,0.7003760429370934,0.011863878797926018,0.7186999999999999,0.011081967334368037,14.1264
200,10,1.0,5,1,0.7140812115835387,0.011653873751511888,0.7308,0.010777754868245991,14.7683
200,10,1.0,5,2,0.7126984290596767,0.011236904261198437,0.7297,0.010526632889960598,14.3939
200,10,1.0,5,5,0.70907003363216,0.01117239316592832,0.7265,0.01084665847162158,14.4402
200,10,1.0,5,10,0.7003760429370934,0.011863878797926018,0.7186999999999999,0.011081967334368037,13.7833
200,10,1.0,10,1,0.712860037357741,0.011839637393172519,0.7298000000000001,0.011070682002478448,14.5634
200,10,1.0,10,2,0.7116607154964077,0.011792332017695431,0.7288,0.01120535586226516,14.6231
200,10,1.0,10,5,0.70907003363216,0.01117239316592832,0.7265,0.01084665847162158,14.3369
200,10,1.0,10,10,0.7003760429370934,0.011863878797926018,0.7186999999999999,0.011081967334368037,13.8964
200,10,1.0,20,1,0.7067699484246701,0.011329568424175243,0.7243999999999999,0.011244554237496486,12.8918
200,10,1.0,20,2,0.7073308299320427,0.011886454014159414,0.7249,0.011440716760762859,11.1218
200,10,1.0,20,5,0.7055000520236854,0.012295083866596326,0.7235000000000001,0.011681181447096876,10.9274
200,10,1.0,20,10,0.7003760429370934,0.011863878797926018,0.7186999999999999,0.011081967334368037,10.9065
200,20,sqrt,2,1,0.744704799563116,0.012480784661007579,0.761,0.012116104984688778,5.2296
200,20,sqrt,2,2,0.7318551777115946,0.014852322620092787,0.7504000000000001,0.01368356678647787,5.1055
200,20,sqrt,2,5,0.7081133816653444,0.013344439966506486,0.7308,0.013302631318652723,4.6702
200,20,sqrt,2,10,0.6851305391502885,0.009174387976206429,0.7129,0.009554580053565942,4.5118
200,20,sqrt,5,1,0.7380457345764253,0.011354776551613275,0.7551000000000001,0.010783784122468337,5.2291
200,20,sqrt,5,2,0.731183901376097,0.011702958383938318,0.7496,0.010892199043352091,4.9183
200,20,sqrt,5,5,0.7081133816653444,0.013344439966506486,0.7308,0.013302631318652723,4.6294
200,20,sqrt,5,10,0.6851305391502885,0.009174387976206429,0.7129,0.009554580053565942,4.6137
200,20,sqrt,10,1,0.7284210693718098,0.01041198170027341,0.7472,0.010476640682967045,5.1402
200,20,sqrt,10,2,0.7217440438681338,0.013527908850914958,0.7415,0.012909298973995462,5.0277
200,20,sqrt,10,5,0.7081133816653444,0.013344439966506486,0.7308,0.013302631318652723,4.926
200,20,sqrt,10,10,0.6851305391502885,0.009174387976206429,0.7129,0.009554580053565942,4.6567
200,20,sqrt,20,1,0.7139108239866819,0.010868033551208005,0.735,0.01112654483656091,4.7993
200,20,sqrt,20,2,0.709042964035384,0.01113051080255824,0.7308,0.011169601604354571,4.8066
200,20,sqrt,20,5,0.7001159295507771,0.011581618831690515,0.7245,0.011621101496846168,4.8379
200,20,sqrt,20,10,0.6851305391502885,0.009174387976206429,0.7129,0.009554580053565942,4.5281
200,20,log2,2,1,0.7360396258404783,0.015460847356966595,0.7533000000000001,0.014629080627298504,4.7121
200,20,log2,2,2,0.7236986318672637,0.014753271623866557,0.7438,0.01359264507003697,4.6212
200,20,log2,2,5,0.6958649101122433,0.010818945173104182,0.7212999999999999,0.010574024777727741,4.3686
200,20,log2,2,10,0.6720929509111222,0.009141061275626904,0.7041999999999999,0.008447484832777158,4.0672
200,20,log2,5,1,0.7320897030240336,0.012856036384750913,0.7504,0.012126005112979305,4.701
200,20,log2,5,2,0.7223672100853539,0.013853167101980401,0.7424000000000001,0.01361029022467928,4.7084
200,20,log2,5,5,0.6958649101122433,0.010818945173104182,0.7212999999999999,0.010574024777727741,4.3262
200,20,log2,5,10,0.6720929509111222,0.009141061275626904,0.7041999999999999,0.008447484832777158,4.2057
200,20,log2,10,1,0.7204892948490877,0.012695113099169583,0.7406,0.012595237195067041,4.6377
200,20,log2,10,2,0.7175115225401217,0.013199361563140846,0.7392,0.012615863030328137,4.5679
200,20,log2,10,5,0.6958649101122433,0.010818945173104182,0.7212999999999999,0.010574024777727741,4.3241
200,20,log2,10,10,0.6720929509111222,0.009141061275626904,0.7041999999999999,0.008447484832777158,4.0736
200,20,log2,20,1,0.7098631869755703,0.011703463551327759,0.7322,0.01172859752911661,4.5652
200,20,log2,20,2,0.7017862190914519,0.011547274309484611,0.7263,0.010844814429025525,4.4133
200,20,log2,20,5,0.6861750663200346,0.009356844664823567,0.7142000000000002,0.009019977827023754,4.3205
200,20,log2,20,10,0.6720929509111222,0.009141061275626904,0.7041999999999999,0.008447484832777158,4.0701
200,20,0.5,2,1,0.7545027176122268,0.007976543542355736,0.7672000000000001,0.00789683480895986,10.3494
200,20,0.5,2,2,0.7476704188778768,0.009437526221501197,0.7615999999999999,0.01029757252948481,10.0593
200,20,0.5,2,5,0.7321401903853512,0.010620147827771594,0.7478,0.010313098467482998,9.2613
200,20,0.5,2,10,0.7140440545698375,0.012800841093679889,0.7331,0.01257338458808925,8.3268
200,20,0.5,5,1,0.7526297825319125,0.007191948791378212,0.7655,0.00753989389845773,10.0442
200,20,0.5,5,2,0.7486662267313542,0.008422670583519967,0.7624000000000001,0.008534635317340755,10.0492
200,20,0.5,5,5,0.7321401903853512,0.010620147827771594,0.7478,0.010313098467482998,9.128
200,20,0.5,5,10,0.7140440545698375,0.012800841093679889,0.7331,0.01257338458808925,8.3588
200,20,0.5,10,1,0.7433661170716019,0.008259360930198176,0.7575999999999999,0.008212186067059132,10.0549
200,20,0.5,10,2,0.7400897466308681,0.011277943368794334,0.7550000000000001,0.0111892805845595,9.8278
200,20,0.5,10,5,0.7321401903853512,0.010620147827771594,0.7478,0.010313098467482998,9.2125
200,20,0.5,10,10,0.7140440545698375,0.012800841093679889,0.7331,0.01257338458808925,8.1852
200,20,0.5,20,1,0.7318166799655174,0.011492839153824113,0.7482,0.010860939185908382,9.5448
200,20,0.5,20,2,0.7288017311507453,0.01030691235325271,0.7455999999999999,0.009645724441430003,9.6191
200,20,0.5,20,5,0.7246167159517033,0.012828736166355529,0.7419,0.012177438154226046,9.5398
200,20,0.5,20,10,0.7140440545698375,0.012800841093679889,0.7331,0.01257338458808925,9.2684
200,20,1.0,2,1,0.7498956251543939,0.009815277650214595,0.7619,0.01068129205667555,19.4501
200,20,1.0,2,2,0.7492252755293086,0.010468198381081201,0.7622000000000001,0.010609429767899884,19.0087
200,20,1.0,2,5,0.7338994941268373,0.013175630974646838,0.7487,0.013236691429507615,17.0545
200,20,1.0,2,10,0.7148100509674211,0.013957764178776026,0.7324999999999999,0.013440610105199851,14.8687
200,20,1.0,5,1,0.7492896573536723,0.009902513782014165,0.7618,0.01046709128650363,19.0106
200,20,1.0,5,2,0.7479930724548755,0.009001322713771855,0.7611999999999999,0.008897190567814097,18.9819
200,20,1.0,5,5,0.7338994941268373,0.013175630974646838,0.7487,0.013236691429507615,17.1186
200,20,1.0,5,10,0.7148100509674211,0.013957764178776026,0.7324999999999999,0.013440610105199851,15.4418
200,20,1.0,10,1,0.7439723685803142,0.010441594846253996,0.7577,0.010517128885774872,19.1351
200,20,1.0,10,2,0.740998054980707,0.014055000043450092,0.7553000000000001,0.014000357138301878,19.8657
200,20,1.0,10,5,0.7338994941268373,0.013175630974646838,0.7487,0.013236691429507615,18.9227
200,20,1.0,10,10,0.7148100509674211,0.013957764178776026,0.7324999999999999,0.013440610105199851,16.3435
200,20,1.0,20,1,0.7311465888029269,0.012058218744779154,0.7467,0.011722201158485561,19.805
200,20,1.0,20,2,0.7300735483628076,0.012873074871610867,0.7457999999999999,0.012536347155371866,19.5929
200,20,1.0,20,5,0.7225101857125785,0.01311071448908599,0.7393,0.012751862609046581,17.9673
200,20,1.0,20,10,0.7148100509674211,0.013957764178776026,0.7324999999999999,0.013440610105199851,16.5014
500,,sqrt,2,1,0.7572210180039343,0.011121707861354612,0.7709,0.010746627377926537,15.6584
500,,sqrt,2,2,0.7409364650872347,0.012673770768835786,0.7586,0.01120000000000001,14.377
500,,sqrt,2,5,0.7113532113848502,0.01259478810749945,0.7341,0.01196202324023826,13.6486
500,,sqrt,2,10,0.6851448541726886,0.008514552880599557,0.7127,0.008450443775329207,13.2356
500,,sqrt,5,1,0.7506804713699131,0.010489248677517446,0.7659,0.009669022701390258,15.1997
500,,sqrt,5,2,0.7392505740519651,0.014299583866856782,0.7567999999999999,0.013021520648526434,13.3128
500,,sqrt,5,5,0.7113532113848502,0.01259478810749945,0.7341,0.01196202324023826,12.5098
500,,sqrt,5,10,0.6851448541726886,0.008514552880599557,0.7127,0.008450443775329207,12.0108
500,,sqrt,10,1,0.7382442748477817,0.012981315435510036,0.756,0.011747340124470741,13.0144
500,,sqrt,10,2,0.7291120798317895,0.012144722841378013,0.7486,0.011306635220082066,13.8196
500,,sqrt,10,5,0.7113532113848502,0.01259478810749945,0.7341,0.01196202324023826,12.5643
500,,sqrt,10,10,0.6851448541726886,0.008514552880599557,0.7127,0.008450443775329207,12.0763
500,,sqrt,20,1,0.7204842002462433,0.010319560894530457,0.7407999999999999,0.010428806259586962,13.118
500,,sqrt,20,2,0.7132647508720446,0.010247738256092076,0.7353,0.010507616285342752,12.296
500,,sqrt,20,5,0.7015016188766936,0.010877250141941958,0.7261000000000001,0.010857716150277655,12.116
500,,sqrt,20,10,0.6851448541726886,0.008514552880599557,0.7127,0.008450443775329207,12.1655
500,,log2,2,1,0.7564673665603253,0.011768382762544292,0.7708,0.011400000000000009,13.0312
500,,log2,2,2,0.7368209404527937,0.013139599776836037,0.7556,0.011984990613262919,11.8097
500,,log2,2,5,0.7001219950475757,0.011264086896118887,0.7259,0.010848502200764868,11.2184
500,,log2,2,10,0.6715862726510562,0.008169062286113941,0.7036999999999999,0.007335529974037329,10.4419
500,,log2,5,1,0.75031345718898,0.010603043078861566,0.7659999999999999,0.010535653752852748,12.8152
500,,log2,5,2,0.7334681912763839,0.012852986551407933,0.7527999999999999,0.01172859752911661,11.6634
500,,log2,5,5,0.7001219950475757,0.011264086896118887,0.7259,0.010848502200764868,11.1055
500,,log2,5,10,0.6715862726510562,0.008169062286113941,0.7036999999999999,0.007335529974037329,10.4909
500,,log2,10,1,0.7345184685731352,0.01310311267610935,0.7535000000000001,0.012531959144523265,12.173
500,,log2,10,2,0.7245454129061571,0.011234453391750858,0.7456,0.011280070921762869,12.6442
500,,log2,10,5,0.7001219950475757,0.011264086896118887,0.7259,0.010848502200764868,11.1172
500,,log2,10,10,0.6715862726510562,0.008169062286113941,0.7036999999999999,0.007335529974037329,10.5801
500,,log2,20,1,0.7169780875451666,0.00991941529895966,0.7384999999999999,0.010101980003939831,12.28
500,,log2,20,2,0.7094906857133013,0.011477535322075835,0.7326999999999999,0.011243220179290284,11.7722
500,,log2,20,5,0.68893195950681,0.009467697539998094,0.7169,0.009364293886887582,12.7715
500,,log2,20,10,0.6715862726510562,0.008169062286113941,0.7036999999999999,0.007335529974037329,11.4315
500,,0.5,2,1,0.7610493521998312,0.006177200513393453,0.7726,0.006785278181474955,31.4925
500,,0.5,2,2,0.7526002120066113,0.007222532747229411,0.7657,0.006972087205421349,29.6226
500,,0.5,2,5,0.734792824938411,0.01221091242180469,0.7503,0.01135825690852255,26.83
500,,0.5,2,10,0.7158860318654863,0.013043635769289033,0.7348,0.012929037087115201,23.4468
500,,0.5,5,1,0.7572967332829234,0.006477070582281421,0.7699,0.007063285354564126,30.9666
500,,0.5,5,2,0.7533035827193789,0.007648608703115598,0.7663,0.008100000000000007,31.6494
500,,0.5,5,5,0.734792824938411,0.01221091242180469,0.7503,0.01135825690852255,29.6517
500,,0.5,5,10,0.7158860318654863,0.013043635769289033,0.7348,0.012929037087115201,27.3068
500,,0.5,10,1,0.7496406651277258,0.00886100703683191,0.7632000000000001,0.009516301802696263,33.7526
500,,0.5,10,2,0.743908193997712,0.01140331327168785,0.758,0.010917875251164954,32.7739
500,,0.5,10,5,0.734792824938411,0.01221091242180469,0.7503,0.01135825690852255,29.6948
500,,0.5,10,10,0.7158860318654863,0.013043635769289033,0.7348,0.012929037087115201,26.8688
500,,0.5,20,1,0.7345079025973267,0.01140121873535062,0.7504000000000001,0.010744300814850644,29.5664
500,,0.5,20,2,0.731105138057848,0.01101265430139905,0.7474,0.010268398122394759,24.4611
500,,0.5,20,5,0.7242540448068919,0.012763792161435666,0.7419,0.011527792503337325,22.6895
500,,0.5,20,10,0.7158860318654863,0.013043635769289033,0.7348,0.012929037087115201,21.2675
500,,1.0,2,1,0.7551871385066135,0.008868044144840813,0.7662,0.009547774609824016,48.2547
500,,1.0,2,2,0.7525144305798858,0.0076451071523149765,0.765,0.007874007874011818,45.4408
500,,1.0,2,5,0.7352816921779668,0.01244829706834932,0.7501,0.01198707637416231,39.8825
500,,1.0,2,10,0.714460058102408,0.011416275221949186,0.7321,0.011193301568348822,35.5581
500,,1.0,5,1,0.7539309054617399,0.008115167441824526,0.7657,0.008877499647986484,47.69
500,,1.0,5,2,0.7508100266080225,0.007398846012072886,0.7636,0.007432361670424825,45.5752
500,,1.0,5,5,0.7352816921779668,0.01244829706834932,0.7501,0.01198707637416231,40.1894
500,,1.0,5,10,0.714460058102408,0.011416275221949186,0.7321,0.011193301568348822,38.5445
500,,1.0,10,1,0.7469306569461762,0.008928450431260225,0.7598999999999999,0.0092352585237231,52.0136
500,,1.0,10,2,0.743006343891354,0.010797830506188343,0.7565999999999999,0.01068831137270992,50.7849
500,,1.0,10,5,0.7352816921779668,0.01244829706834932,0.7501,0.01198707637416231,45.3134
500,,1.0,10,10,0.714460058102408,0.011416275221949186,0.7321,0.011193301568348822,40.8066
500,,1.0,20,1,0.7333011986840038,0.010071053853408691,0.7484,0.010384603988597746,51.1142
500,,1.0,20,2,0.7299105974225577,0.012528904622059456,0.7454000000000001,0.012443472184241836,49.0618
500,,1.0,20,5,0.7225998577172164,0.012427019983843038,0.739,0.012361229712289966,44.8145
500,,1.0,20,10,0.714460058102408,0.011416275221949186,0.7321,0.011193301568348822,41.3502
500,5,sqrt,2,1,0.6177862465351369,0.010770715166050469,0.6583,0.011081967334368037,10.3672
500,5,sqrt,2,2,0.6178038034413892,0.011490558448958441,0.6582999999999999,0.011866338946785578,10.2765
500,5,sqrt,2,5,0.6179713735616371,0.01117554083258098,0.6585,0.01153473016589466,7.6612
500,5,sqrt,2,10,0.617055954215358,0.01083338936541872,0.6575,0.011119802156513408,7.0444
500,5,sqrt,5,1,0.6174354481182059,0.011275584591250554,0.6578999999999999,0.011631422956801125,7.0717
500,5,sqrt,5,2,0.6176125135517885,0.011172895340084773,0.6581,0.011510430052782574,7.154
500,5,sqrt,5,5,0.6179713735616371,0.01117554083258098,0.6585,0.01153473016589466,7.0892
500,5,sqrt,5,10,0.617055954215358,0.01083338936541872,0.6575,0.011119802156513408,7.1849
500,5,sqrt,10,1,0.6177936360135812,0.011006777058641603,0.6583,0.01134944932584838,7.0561
500,5,sqrt,10,2,0.6177007874862962,0.01088751318007015,0.6582000000000001,0.011232096865679187,7.1498
500,5,sqrt,10,5,0.6179713735616371,0.01117554083258098,0.6585,0.01153473016589466,7.0651
500,5,sqrt,10,10,0.617055954215358,0.01083338936541872,0.6575,0.011119802156513408,7.1626
500,5,sqrt,20,1,0.6179852692747789,0.010204764864341735,0.6585000000000001,0.01050951949424902,7.063
500,5,sqrt,20,2,0.6176232957130353,0.0103779037241212,0.6580999999999999,0.01070000000000001,7.0781
500,5,sqrt,20,5,0.6174324102184979,0.01026667927017597,0.6578999999999999,0.010587256490706182,7.1482
500,5,sqrt,20,10,0.617055954215358,0.01083338936541872,0.6575,0.011119802156513408,7.1647
500,5,log2,2,1,0.6196572323788174,0.010480289845205822,0.6618,0.010721940122944177,7.0033
500,5,log2,2,2,0.6198313615609051,0.010766040466059792,0.662,0.011027239001672186,6.895
500,5,log2,2,5,0.6178703405403542,0.0106517855820315,0.66,0.010816653826391978,6.996
500,5,log2,2,10,0.6175238059850376,0.011154262182431906,0.6595000000000002,0.011569356075426161,6.9141
500,5,log2,5,1,0.6196576862073838,0.010967362388426395,0.6617000000000001,0.0112787410644983,6.9735
500,5,log2,5,2,0.6199392386203606,0.011598622598372242,0.6621000000000001,0.011978731151503497,6.8964
500,5,log2,5,5,0.6178703405403542,0.0106517855820315,0.66,0.010816653826391978,6.8624
500,5,log2,5,10,0.6175238059850376,0.011154262182431906,0.6595000000000002,0.011569356075426161,6.9254
500,5,log2,10,1,0.6187706123550019,0.012006564864909502,0.6608,0.012424169992397892,6.9474
500,5,log2,10,2,0.6185585954922352,0.01131495846890365,0.6606,0.011629273408085316,6.9983
500,5,log2,10,5,0.6178703405403542,0.0106517855820315,0.66,0.010816653826391978,6.8726
500,5,log2,10,10,0.6175238059850376,0.011154262182431906,0.6595000000000002,0.011569356075426161,6.9816
500,5,log2,20,1,0.6179288888087264,0.011793038843529781,0.6599,0.012218428704215623,6.8624
500,5,log2,20,2,0.6184728073594405,0.010911091965811016,0.6605000000000001,0.011289375536317332,6.86
500,5,log2,20,5,0.6176378229213134,0.011351754537179208,0.6596,0.011774548823628031,6.973
500,5,log2,20,10,0.6175238059850376,0.011154262182431906,0.6595000000000002,0.011569356075426161,6.8809
500,5,0.5,2,1,0.6470552645703143,0.014137358541134303,0.6757,0.013394401815684008,9.1102
500,5,0.5,2,2,0.6467323577495273,0.014059641901559311,0.6756,0.013305637902783893,8.9812
500,5,0.5,2,5,0.6464302307405791,0.014384898333291735,0.6756,0.01346254062203711,9.0193
500,5,0.5,2,10,0.6456292195659719,0.014582874593767392,0.675,0.013660161053223324,9.0096
500,5,0.5,5,1,0.6470444393458636,0.01448345766129143,0.6758000000000001,0.013548431643551935,8.9224
500,5,0.5,5,2,0.64673328292331,0.014540584372446435,0.6755000000000001,0.013661991070118564,9.5234
500,5,0.5,5,5,0.6464302307405791,0.014384898333291735,0.6756,0.01346254062203711,9.2506
500,5,0.5,5,10,0.6456292195659719,0.014582874593767392,0.675,0.013660161053223324,9.529
500,5,0.5,10,1,0.6471624764218147,0.014722788274163274,0.6759000000000001,0.014053113534017982,9.2652
500,5,0.5,10,2,0.6471326728724213,0.014606707452169588,0.6759000000000001,0.013750999963638984,9.3963
500,5,0.5,10,5,0.6464302307405791,0.014384898333291735,0.6756,0.01346254062203711,9.3821
500,5,0.5,10,10,0.6456292195659719,0.014582874593767392,0.675,0.013660161053223324,9.2187
500,5,0.5,20,1,0.6460195831432296,0.014158051581861548,0.6753,0.013638548309845861,9.3856
500,5,0.5,20,2,0.6462106506801766,0.014112037613201232,0.6755,0.013566502865513991,9.3465
500,5,0.5,20,5,0.6457059991196155,0.014867731146260707,0.675,0.013784048752090198,9.3819
500,5,0.5,20,10,0.6456292195659719,0.014582874593767392,0.675,0.013660161053223324,9.3222
500,5,1.0,2,1,0.6568686591561127,0.010053635032583058,0.6823,0.009644169222903521,13.287
500,5,1.0,2,2,0.6569288654899049,0.009814247640895737,0.6823,0.009644169222903521,13.2116
500,5,1.0,2,5,0.6571866970267304,0.010394159349510487,0.6824,0.009911609354691068,13.4452
500,5,1.0,2,10,0.655829227490164,0.009913784177621697,0.6815,0.009394147114027942,13.1825
500,5,1.0,5,1,0.656871713136731,0.010051401972552368,0.6823,0.009644169222903521,13.2702
500,5,1.0,5,2,0.6570686582004108,0.009931002134850313,0.6824,0.009728309205612223,13.1991
500,5,1.0,5,5,0.6571866970267304,0.010394159349510487,0.6824,0.009911609354691068,13.2872
500,5,1.0,5,10,0.655829227490164,0.009913784177621697,0.6815,0.009394147114027942,13.4317
500,5,1.0,10,1,0.656655480806988,0.010118009265198647,0.6820999999999999,0.00981274681218259,13.2454
500,5,1.0,10,2,0.6567585252429551,0.009792818148825433,0.6820999999999999,0.009627564593395338,13.3181
500,5,1.0,10,5,0.6571866970267304,0.010394159349510487,0.6824,0.009911609354691068,13.2724
500,5,1.0,10,10,0.655829227490164,0.009913784177621697,0.6815,0.009394147114027942,13.2765
500,5,1.0,20,1,0.6563924555051461,0.010429178468108705,0.6819,0.01003444069193692,13.2611
500,5,1.0,20,2,0.6565887841185843,0.010010575753198355,0.6819999999999999,0.009797958971132687,13.2879
500,5,1.0,20,5,0.6566027243668495,0.009992910215032536,0.682,0.009767292357659798,13.1781
500,5,1.0,20,10,0.655829227490164,0.009913784177621697,0.6815,0.009394147114027942,13.3738
500,10,sqrt,2,1,0.6835027279126541,0.011864451545207672,0.7087999999999999,0.010952625256074464,8.2968
500,10,sqrt,2,2,0.6791100182536407,0.013752454861440078,0.7058,0.012560254774486076,8.2616
500,10,sqrt,2,5,0.6726882675268081,0.012219158549799098,0.7011999999999999,0.011311940593903414,8.1578
500,10,sqrt,2,10,0.6567009965564864,0.010173031642018878,0.6900999999999999,0.009481033698916976,8.1259
500,10,sqrt,5,1,0.6811104709125274,0.012308797540766308,0.7069999999999999,0.01100000000000001,8.2888
500,10,sqrt,5,2,0.6799623721533752,0.012553707868209115,0.7064,0.01101998185116474,8.3326
500,10,sqrt,5,5,0.6726882675268081,0.012219158549799098,0.7011999999999999,0.011311940593903414,8.174
500,10,sqrt,5,10,0.6567009965564864,0.010173031642018878,0.6900999999999999,0.009481033698916976,8.2759
500,10,sqrt,10,1,0.6778255230037121,0.012177486869755368,0.7043,0.01093663568013492,8.2554
500,10,sqrt,10,2,0.6753242465184655,0.013083602945658525,0.7026999999999999,0.011849472562101653,8.3605
500,10,sqrt,10,5,0.6726882675268081,0.012219158549799098,0.7011999999999999,0.011311940593903414,8.2325
500,10,sqrt,10,10,0.6567009965564864,0.010173031642018878,0.6900999999999999,0.009481033698916976,8.0751
500,10,sqrt,20,1,0.672672164159694,0.010918668525669285,0.7011999999999999,0.010057832768544136,8.2961
500,10,sqrt,20,2,0.6709191370251315,0.010166289191001434,0.7,0.009705668446840733,8.203
500,10,sqrt,20,5,0.6663009574283902,0.011471907374631753,0.6967,0.01091833320612627,8.1822
500,10,sqrt,20,10,0.6567009965564864,0.010173031642018878,0.6900999999999999,0.009481033698916976,8.1319
500,10,log2,2,1,0.6722591567837332,0.012362203243941773,0.7013,0.01148956047897394,7.812
500,10,log2,2,2,0.6679179315578632,0.012909059350063952,0.6983999999999999,0.012435433245367847,7.7955
500,10,log2,2,5,0.6549148701900889,0.011789373401759357,0.6893999999999999,0.012076423311560386,7.7242
500,10,log2,2,10,0.6435116806741085,0.010230291900896943,0.6815,0.010042410069301063,7.4531
500,10,log2,5,1,0.6707941541651827,0.01074487599056931,0.6998,0.00958957767578949,7.7538
500,10,log2,5,2,0.6658424416110664,0.011360374545635786,0.6963,0.01089082182390289,7.8382
500,10,log2,5,5,0.6549148701900889,0.011789373401759357,0.6893999999999999,0.012076423311560386,7.8047
500,10,log2,5,10,0.6435116806741085,0.010230291900896943,0.6815,0.010042410069301063,7.5458
500,10,log2,10,1,0.6679826546328431,0.011707485607875774,0.6986999999999999,0.011428473213863692,7.7506
500,10,log2,10,2,0.6630907337551037,0.011659280120996101,0.6951,0.011665761869676536,7.8467
500,10,log2,10,5,0.6549148701900889,0.011789373401759357,0.6893999999999999,0.012076423311560386,7.7222
500,10,log2,10,10,0.6435116806741085,0.010230291900896943,0.6815,0.010042410069301063,7.5568
500,10,log2,20,1,0.6568654721148001,0.012646816963950362,0.6909,0.012003749414245495,7.6685
500,10,log2,20,2,0.6548881694187771,0.0132539175483076,0.6893999999999999,0.011943198901466858,7.7462
500,10,log2,20,5,0.6519498440989583,0.010678665846430006,0.6876,0.010403845442911924,7.6595
500,10,log2,20,10,0.6435116806741085,0.010230291900896943,0.6815,0.010042410069301063,7.4947
500,10,0.5,2,1,0.7095494489114469,0.013993770419290381,0.7273000000000001,0.012930970574554732,12.8909
500,10,0.5,2,2,0.7081034131053948,0.013299010995801578,0.7261,0.012413299319681301,13.6037
500,10,0.5,2,5,0.7037795873643251,0.013073460424937391,0.7222000000000001,0.012262136844775475,13.4393
500,10,0.5,2,10,0.6960347096884785,0.01172200576198494,0.7167,0.011109005356016362,13.256
500,10,0.5,5,1,0.7096950574463478,0.012053621397968709,0.7274999999999999,0.011101801655587268,13.6455
500,10,0.5,5,2,0.7072410630704921,0.011133859771190847,0.7252,0.010514751542475942,13.6997
500,10,0.5,5,5,0.7037795873643251,0.013073460424937391,0.7222000000000001,0.012262136844775475,13.4332
500,10,0.5,5,10,0.6960347096884785,0.01172200576198494,0.7167,0.011109005356016362,12.9935
500,10,0.5,10,1,0.7055806914603587,0.012825516797033521,0.724,0.012016655108639853,13.6803
500,10,0.5,10,2,0.7060875715013533,0.013326241229344546,0.7242999999999999,0.012149485585818038,13.7085
500,10,0.5,10,5,0.7037795873643251,0.013073460424937391,0.7222000000000001,0.012262136844775475,13.3749
500,10,0.5,10,10,0.6960347096884785,0.01172200576198494,0.7167,0.011109005356016362,13.1346
500,10,0.5,20,1,0.7013632114458355,0.011487473686816367,0.7203999999999999,0.010518555033843774,13.6633
500,10,0.5,20,2,0.7011666744601435,0.01143004132531789,0.7202,0.01080555412739209,13.3656
500,10,0.5,20,5,0.7008161919146364,0.012834953205172795,0.7201,0.011945291959596477,13.2819
500,10,0.5,20,10,0.6960347096884785,0.01172200576198494,0.7167,0.011109005356016362,13.082
500,10,1.0,2,1,0.7155352066368655,0.012173129346853046,0.7322000000000001,0.011668761716651868,23.0604
500,10,1.0,2,2,0.714922529401955,0.012798076252061566,0.7319,0.012267436570041855,22.7715
500,10,1.0,2,5,0.7100477430878411,0.011653243769959739,0.7272000000000001,0.011364858116140308,21.4977
500,10,1.0,2,10,0.701288587794757,0.01187189524991091,0.7196,0.011525623627379139,21.0063
500,10,1.0,5,1,0.7143309664104883,0.012761290538843164,0.731,0.01203328716519307,22.5831
500,10,1.0,5,2,0.714428487549666,0.012849249666278477,0.7315,0.012208603523745058,22.5781
500,10,1.0,5,5,0.7100477430878411,0.011653243769959739,0.7272000000000001,0.011364858116140308,21.8094
500,10,1.0,5,10,0.701288587794757,0.01187189524991091,0.7196,0.011525623627379139,20.6955
500,10,1.0,10,1,0.7125543352294159,0.013586251576004913,0.7295999999999999,0.013078226179417464,22.2634
500,10,1.0,10,2,0.7132201563098127,0.012954007762894676,0.7304,0.012555476892575617,21.9937
500,10,1.0,10,5,0.7100477430878411,0.011653243769959739,0.7272000000000001,0.011364858116140308,21.8007
500,10,1.0,10,10,0.701288587794757,0.01187189524991091,0.7196,0.011525623627379139,20.8889
500,10,1.0,20,1,0.7081085871588926,0.011807589119590562,0.7258,0.011694443124834985,21.801
500,10,1.0,20,2,0.7074266744805594,0.012748116261980089,0.7253,0.01235354200219517,21.7526
500,10,1.0,20,5,0.7055648301655992,0.012005358870660399,0.7235,0.011543396380615205,21.5113
500,10,1.0,20,10,0.701288587794757,0.01187189524991091,0.7196,0.011525623627379139,20.7987
500,20,sqrt,2,1,0.7428726441208121,0.010632258636034727,0.7587000000000002,0.010119782606360681,10.4835
500,20,sqrt,2,2,0.7317012538399256,0.014406540908982673,0.75,0.012891857895586667,9.9748
500,20,sqrt,2,5,0.7083620591730695,0.012119682454381893,0.7311,0.011579723658188058,9.6225
500,20,sqrt,2,10,0.6848165410361455,0.008972845499916123,0.7127,0.008888756943465163,9.1417
500,20,sqrt,5,1,0.7389042323168371,0.01212122330871231,0.7562,0.011487384384619513,10.1392
500,20,sqrt,5,2,0.7317925200574311,0.013568877246152128,0.7505999999999999,0.012792185114357918,10.0848
500,20,sqrt,5,5,0.7083620591730695,0.012119682454381893,0.7311,0.011579723658188058,9.323
500,20,sqrt,5,10,0.6848165410361455,0.008972845499916123,0.7127,0.008888756943465163,9.3515
500,20,sqrt,10,1,0.728945216197023,0.011886488067254156,0.7477,0.011207586716149031,10.5226
500,20,sqrt,10,2,0.7226159828334078,0.01352981903588397,0.7426,0.013039938650162442,10.3565
500,20,sqrt,10,5,0.7083620591730695,0.012119682454381893,0.7311,0.011579723658188058,9.4274
500,20,sqrt,10,10,0.6848165410361455,0.008972845499916123,0.7127,0.008888756943465163,9.1353
500,20,sqrt,20,1,0.7154014176034098,0.010206785912184243,0.7363999999999999,0.01049952379872536,9.6958
500,20,sqrt,20,2,0.7116145440883277,0.008916704909641958,0.7333000000000001,0.009033825324855476,9.6585
500,20,sqrt,20,5,0.6992746507533768,0.012318395204843867,0.7235,0.011825819210524073,9.7234
500,20,sqrt,20,10,0.6848165410361455,0.008972845499916123,0.7127,0.008888756943465163,9.4771
500,20,log2,2,1,0.7390378169808918,0.012805968994916242,0.7561,0.012202049008260878,9.4348
500,20,log2,2,2,0.7239361354070468,0.013814843633706728,0.7443000000000001,0.012961867149450355,9.2785
500,20,log2,2,5,0.6950733466408313,0.010059405782880015,0.7205,0.009942333730065601,8.6582
500,20,log2,2,10,0.6697696072687385,0.009347915528410952,0.7021,0.009038252043398665,8.1653
500,20,log2,5,1,0.7336009149364202,0.01162537049780021,0.7522,0.011043550153822829,9.1351
500,20,log2,5,2,0.7234906599695872,0.01405902469572182,0.7441,0.013315029102484168,9.4659
500,20,log2,5,5,0.6950733466408313,0.010059405782880015,0.7205,0.009942333730065601,8.8021
500,20,log2,5,10,0.6697696072687385,0.009347915528410952,0.7021,0.009038252043398665,8.1009
500,20,log2,10,1,0.7235029338713821,0.01256361206079562,0.7434,0.012051555916146275,9.534
500,20,log2,10,2,0.7159370581962938,0.011845197072978928,0.7377,0.011524322105876781,9.0664
500,20,log2,10,5,0.6950733466408313,0.010059405782880015,0.7205,0.009942333730065601,8.8043
500,20,log2,10,10,0.6697696072687385,0.009347915528410952,0.7021,0.009038252043398665,8.0999
500,20,log2,20,1,0.710027377197078,0.010149655066230124,0.7323000000000001,0.01034456378974001,9.1128
500,20,log2,20,2,0.7016660567887033,0.012452165564420489,0.7258,0.012245815611873316,9.0709
500,20,log2,20,5,0.6866501678450947,0.007938049595486624,0.7148000000000001,0.007756287771866132,8.8092
500,20,log2,20,10,0.6697696072687385,0.009347915528410952,0.7021,0.009038252043398665,8.1941
500,20,0.5,2,1,0.7546679034918743,0.007928616932120568,0.7670999999999999,0.00811726554943228,19.6507
500,20,0.5,2,2,0.748551827006187,0.009714102745013605,0.7623,0.010100000000000008,19.2782
500,20,0.5,2,5,0.733458947439521,0.010840194867626503,0.7492000000000001,0.01054324428247777,18.1237
500,20,0.5,2,10,0.7135426300847649,0.011947034379434738,0.7326000000000001,0.011663618649458677,16.6716
500,20,0.5,5,1,0.7512405307374613,0.00852076422933578,0.7646,0.008685620300243392,19.8406
500,20,0.5,5,2,0.7494568135579714,0.008038373260257107,0.7636000000000001,0.0077485482511242135,19.2886
500,20,0.5,5,5,0.733458947439521,0.010840194867626503,0.7492000000000001,0.01054324428247777,18.0198
500,20,0.5,5,10,0.7135426300847649,0.011947034379434738,0.7326000000000001,0.011663618649458677,16.7001
500,20,0.5,10,1,0.7430230767477557,0.00859403623676982,0.7575,0.008743569065318814,19.8407
500,20,0.5,10,2,0.7401568666812852,0.00955530179291668,0.7548999999999999,0.009554580053565942,19.1323
500,20,0.5,10,5,0.733458947439521,0.010840194867626503,0.7492000000000001,0.01054324428247777,17.925
500,20,0.5,10,10,0.7135426300847649,0.011947034379434738,0.7326000000000001,0.011663618649458677,16.7828
500,20,0.5,20,1,0.7312922618487192,0.010649912612530397,0.7477,0.009990495483208036,18.3885
500,20,0.5,20,2,0.7305112431948351,0.011324208604048463,0.7474000000000001,0.009991996797437445,18.0525
500,20,0.5,20,5,0.7241384869089241,0.01253004460944129,0.7419,0.01192015100575493,17.4422
500,20,0.5,20,10,0.7135426300847649,0.011947034379434738,0.7326000000000001,0.011663618649458677,16.4779
500,20,1.0,2,1,0.7509109860574817,0.009348776691847282,0.7632,0.01039038016628844,34.7989
500,20,1.0,2,2,0.7480077413427078,0.008576006711041312,0.761,0.00885437744847147,33.3918
500,20,1.0,2,5,0.7340668752967977,0.013281648624970903,0.7492000000000001,0.012631706139710513,30.2871
500,20,1.0,2,10,0.7140677972306798,0.011477248339060692,0.7316999999999999,0.011243220179290284,26.9745
500,20,1.0,5,1,0.7488869960681062,0.008461314158105086,0.7617,0.008798295289429658,34.4574
500,20,1.0,5,2,0.7468130234976578,0.008800371694131856,0.7602,0.008761278445523811,33.2204
500,20,1.0,5,5,0.7340668752967977,0.013281648624970903,0.7492000000000001,0.012631706139710513,30.2861
500,20,1.0,5,10,0.7140677972306798,0.011477248339060692,0.7316999999999999,0.011243220179290284,26.6822
500,20,1.0,10,1,0.7431900189106316,0.010287283465589199,0.7569000000000001,0.010387011119662875,34.0365
500,20,1.0,10,2,0.7406597118418834,0.010976176002996035,0.7549,0.010839280418920816,32.7562
500,20,1.0,10,5,0.7340668752967977,0.013281648624970903,0.7492000000000001,0.012631706139710513,30.263
500,20,1.0,10,10,0.7140677972306798,0.011477248339060692,0.7316999999999999,0.011243220179290284,26.8439
500,20,1.0,20,1,0.731770654028151,0.011844255407191992,0.7471,0.01192015100575493,32.1633
500,20,1.0,20,2,0.7287474051500913,0.01243435236368412,0.7445,0.012338962679253078,31.149
500,20,1.0,20,5,0.7215397104810444,0.013467130611369057,0.7379999999999999,0.013326664999166158,29.0655
500,20,1.0,20,10,0.7140677972306798,0.011477248339060692,0.7316999999999999,0.011243220179290284,26.8241
